"country","vaccine","birth_cohort","median","iqr","mean","sd","range","quan_01","quan_05","quan_15","quan_25","quan_50","quan_75","quan_85","quan_95","quan_99"
"All","BCG",2006,1,"(0, 3)",4.8,"(24.67)","(-2, 248)",-2,-2,-1,0,1,3,5,10.7,54.6
"All","BCG",2007,2,"(0, 4)",4.7,"(14.64)","(-2, 210)",-2,-1,-1,0,2,4,7,15,57.2
"All","BCG",2008,1,"(0, 4)",4.4,"(11.46)","(-2, 204)",-2,-1,-1,0,1,4,7,17,58
"All","BCG",2009,2,"(0, 4)",4.3,"(11.04)","(-2, 183)",-2,-1,-1,0,2,4,7,17,55
"All","BCG",2010,2,"(0, 5)",4.9,"(12.88)","(-2, 223)",-2,-1,0,0,2,5,8,19,63
"All","BCG",2011,2,"(0, 5)",5.1,"(12.38)","(-2, 199)",-2,-1,0,0,2,5,8,18,59
"All","BCG",2012,2,"(0, 5)",5.3,"(12.34)","(-2, 199)",-2,-1,0,0,2,5,8,21,61.6
"All","BCG",2013,1,"(0, 5)",5.2,"(12.03)","(-2, 160)",-1,0,0,0,1,5,9,20,60
"All","BCG",2014,2,"(0, 5)",4.6,"(9.85)","(-2, 120)",0,0,0,0,2,5,8,17,53
"All","BCG",2015,3,"(1, 6)",5,"(9.2)","(-9, 129)",0,0,0,1,3,6,8,15,53
"All","BCG",2016,1,"(0, 4)",4.1,"(10.2)","(-4, 141)",-1,0,0,0,1,4,7,17.4,53
"All","BCG",2017,0,"(0, 3)",3.2,"(9.39)","(-2, 148)",0,0,0,0,0,3,5,13,52
"All","BCG",2018,0,"(0, 2)",2.6,"(8.24)","(-2, 134)",-1,0,0,0,0,2,4,11,52
"All","BCG",2019,1,"(0, 2)",2.9,"(8.5)","(-2, 124)",0,0,0,0,1,2,4,12,44
"All","BCG",2020,0,"(0, 2)",3.4,"(10.38)","(0, 109)",0,0,0,0,0,2,5,13,53
"All","BCG",2021,NA,"(NA, NA)",NA,"(NA)","(NA, NA)",NA,NA,NA,NA,NA,NA,NA,NA,NA
"All","BCG",2022,NA,"(NA, NA)",NA,"(NA)","(NA, NA)",NA,NA,NA,NA,NA,NA,NA,NA,NA
"All","DTP-D1",2006,1,"(0, 2)",3.3,"(15.41)","(-5, 152)",-4,-2,-1,0,1,2,3.5,9.5,49.7
"All","DTP-D1",2007,1,"(0, 3)",2.6,"(9.44)","(-10, 157)",-5,-2,-1,0,1,3,5,10,40
"All","DTP-D1",2008,1,"(0, 3)",3.4,"(12.18)","(-11, 204)",-5,-2,-1,0,1,3,5,14,55
"All","DTP-D1",2009,1,"(0, 3)",3.7,"(12.22)","(-11, 235)",-6,-2,-1,0,1,3,6,16,55.6
"All","DTP-D1",2010,1,"(0, 4)",5,"(15.8)","(-11, 229)",-5.7,-2,-1,0,1,4,7,24,75
"All","DTP-D1",2011,1,"(0, 4)",4.5,"(13.87)","(-11, 177)",-6,-2,-1,0,1,4,7,21,70
"All","DTP-D1",2012,1,"(0, 4)",5,"(14.63)","(-11, 190)",-6,-2,-1,0,1,4,7,27,78.1
"All","DTP-D1",2013,1,"(0, 3)",3.6,"(10.18)","(-11, 151)",-5,-2,0,0,1,3,5,14,54
"All","DTP-D1",2014,1,"(0, 3)",3.9,"(10.72)","(-9, 129)",-4,-1,0,0,1,3,6,17,54.7
"All","DTP-D1",2015,1,"(0, 3)",3.1,"(9.74)","(-13, 130)",-6,-4,-2,0,1,3,5,14,53
"All","DTP-D1",2016,2,"(0, 5)",6.8,"(16.68)","(-9, 135)",-5,-2,0,0,2,5,9,48,80
"All","DTP-D1",2017,2,"(0, 5)",8.5,"(20.33)","(-9, 134)",-6,-3,0,0,2,5,10,68,91
"All","DTP-D1",2018,2,"(1, 5)",7.9,"(18.42)","(-9, 138)",-6,-2,0,1,2,5,10,63,83
"All","DTP-D1",2019,1,"(0, 3)",3.3,"(9.25)","(-8, 112)",-4,-1,0,0,1,3,4.9,12,54.3
"All","DTP-D1",2020,1,"(0, 2)",2.3,"(6.5)","(-6, 73)",-3.5,0,0,0,1,2,4,10,41.9
"All","DTP-D1",2021,NA,"(NA, NA)",NA,"(NA)","(NA, NA)",NA,NA,NA,NA,NA,NA,NA,NA,NA
"All","DTP-D1",2022,NA,"(NA, NA)",NA,"(NA)","(NA, NA)",NA,NA,NA,NA,NA,NA,NA,NA,NA
"All","DTP-D2",2006,2,"(0, 4)",4.8,"(15.66)","(-7, 152)",-4,-1,0,0,2,4,6,14.1,50.7
"All","DTP-D2",2007,2,"(1, 5)",5.1,"(11.87)","(-7, 193)",-4,-1,0,1,2,5,9,17,55
"All","DTP-D2",2008,3,"(1, 6)",6.2,"(14.8)","(-12, 206)",-3,-1,0,1,3,6,9,24,67
"All","DTP-D2",2009,2,"(1, 6)",5.7,"(13.55)","(-14, 204)",-4,-1,0,1,2,6,9,24,63
"All","DTP-D2",2010,2,"(0, 6)",6,"(17.75)","(-19, 236)",-18,-10,-1,0,2,6,11,32,80
"All","DTP-D2",2011,2,"(1, 6)",6,"(14.06)","(-19, 203)",-14,-2,0,1,2,6,9,26,70
"All","DTP-D2",2012,3,"(1, 6)",5.9,"(12.59)","(-14, 144)",-5,-1,0,1,3,6,9,24,65.4
"All","DTP-D2",2013,2,"(1, 5)",5.2,"(10.59)","(-19, 128)",-4,-1,0,1,2,5,9,20,56
"All","DTP-D2",2014,2,"(1, 5)",5.7,"(11.62)","(-8, 132)",-4,-1,0,1,2,5,9,24.1,56
"All","DTP-D2",2015,2,"(0, 5)",4.8,"(10.71)","(-10, 134)",-4,-3,-1,0,2,5,8,19,55
"All","DTP-D2",2016,3,"(1, 6)",6.4,"(12.09)","(-12, 124)",-4,-1,1,1,3,6,10,25,63
"All","DTP-D2",2017,3,"(1, 7)",6.4,"(11.44)","(-12, 130)",-4,-1,1,1,3,7,10,24,61
"All","DTP-D2",2018,3,"(1, 7)",6.5,"(11.3)","(-12, 138)",-3,-1,1,1,3,7,10,24,60
"All","DTP-D2",2019,2,"(1, 5)",4.5,"(8.82)","(-11, 111)",-3,0,0,1,2,5,7,18,49.1
"All","DTP-D2",2020,1,"(0, 4)",3.6,"(7.61)","(-5, 98)",-2,0,0,0,1,4,6,14,46.7
"All","DTP-D2",2021,NA,"(NA, NA)",NA,"(NA)","(NA, NA)",NA,NA,NA,NA,NA,NA,NA,NA,NA
"All","DTP-D2",2022,NA,"(NA, NA)",NA,"(NA)","(NA, NA)",NA,NA,NA,NA,NA,NA,NA,NA,NA
"All","DTP-D3",2006,3,"(0, 5.5)",5.9,"(16.36)","(-8, 153)",-4,-1.7,0,0,3,5.5,9.1,19.7,52.7
"All","DTP-D3",2007,3,"(1, 7)",7.1,"(15.98)","(-23, 223)",-4,-1,0,1,3,7,11,26,74.3
"All","DTP-D3",2008,3,"(1, 8)",8.1,"(16.94)","(-20, 198)",-3,-1,0,1,3,8,13,34,90
"All","DTP-D3",2009,3,"(1, 8)",7.7,"(15.56)","(-23, 213)",-3,-1,0,1,3,8,13,34,76.7
"All","DTP-D3",2010,4,"(1, 9)",9.2,"(17.74)","(-13, 202)",-3,-1,0,1,4,9,16,41.6,91
"All","DTP-D3",2011,3,"(1, 8)",7.8,"(14.67)","(-15, 173)",-5,-1,0,1,3,8,14,35,70.2
"All","DTP-D3",2012,3,"(1, 8)",7.1,"(13.27)","(-23, 145)",-6,-1,0,1,3,8,12,31.9,65
"All","DTP-D3",2013,3,"(1, 8)",7.2,"(12.62)","(-24, 126)",-5,-1,1,1,3,8,12,28,62
"All","DTP-D3",2014,3,"(1, 8)",7.7,"(13.42)","(-14, 132)",-4,0,1,1,3,8,13,32,63.4
"All","DTP-D3",2015,3,"(1, 8)",6.5,"(11.89)","(-20, 133)",-4,-3,0,1,3,8,12,26,57
"All","DTP-D3",2016,4,"(2, 10)",8.4,"(12.75)","(-14, 125)",-3,0,1,2,4,10,15,32,61
"All","DTP-D3",2017,5,"(2, 10)",8.7,"(12.71)","(-15, 132)",-3,0,1,2,5,10,15,31,64
"All","DTP-D3",2018,5,"(2, 10)",8.9,"(12.65)","(-15, 135)",-3,0,1,2,5,10,15,33,62
"All","DTP-D3",2019,3,"(1, 7)",6.5,"(10.91)","(-14, 120)",-2.5,0,1,1,3,7,11,25,56
"All","DTP-D3",2020,2,"(1, 5)",4.8,"(8.68)","(-4, 72)",-1,0,0,1,2,5,8,19.2,50.5
"All","DTP-D3",2021,NA,"(NA, NA)",NA,"(NA)","(NA, NA)",NA,NA,NA,NA,NA,NA,NA,NA,NA
"All","DTP-D3",2022,NA,"(NA, NA)",NA,"(NA)","(NA, NA)",NA,NA,NA,NA,NA,NA,NA,NA,NA
"All","OPV-BD",2006,1,"(0, 3)",2.2,"(5.98)","(-2, 32)",-2,-1.5,-1,0,1,3,4,5,24.2
"All","OPV-BD",2007,2,"(0, 4)",4.2,"(12.3)","(-2, 170)",-2,-1,-1,0,2,4,6,14.6,55.2
"All","OPV-BD",2008,2,"(0, 4)",4.5,"(11.25)","(-2, 128)",-2,-1,-1,0,2,4,7,18.5,57
"All","OPV-BD",2009,2,"(0, 4)",4.2,"(11.1)","(-2, 179)",-2,-1,0,0,2,4,7,15,54
"All","OPV-BD",2010,2,"(0, 4)",4.7,"(13.98)","(-2, 223)",-2,-1,-1,0,2,4,6,19,63
"All","OPV-BD",2011,2,"(0, 4)",4.4,"(12.56)","(-2, 199)",-2,-1,-1,0,2,4,6,15,59.1
"All","OPV-BD",2012,1,"(0, 3)",5.6,"(14.99)","(-2, 139)",-2,-1,0,0,1,3,6,39,74
"All","OPV-BD",2013,1,"(0, 2)",4,"(11.53)","(-1, 135)",0,0,0,0,1,2,5,16.4,56.7
"All","OPV-BD",2014,1,"(0, 2)",3,"(9.03)","(0, 110)",0,0,0,0,1,2,4,9,53
"All","OPV-BD",2015,1,"(0, 2)",2.9,"(8.86)","(0, 129)",0,0,0,0,1,2,4,9,53
"All","OPV-BD",2016,0,"(0, 2)",2.9,"(9.22)","(-2, 141)",0,0,0,0,0,2,4,11,52
"All","OPV-BD",2017,0,"(0, 1)",2.1,"(8.12)","(-2, 149)",-1,0,0,0,0,1,3,8,51
"All","OPV-BD",2018,0,"(0, 1)",2,"(7.51)","(-2, 134)",-1,0,0,0,0,1,3,9,49.2
"All","OPV-BD",2019,0,"(0, 2)",2.1,"(7.3)","(-2, 120)",0,0,0,0,0,2,3,7,38
"All","OPV-BD",2020,0,"(0, 1)",1.3,"(4.94)","(0, 54)",0,0,0,0,0,1,2,4,26
"All","OPV-BD",2021,NA,"(NA, NA)",NA,"(NA)","(NA, NA)",NA,NA,NA,NA,NA,NA,NA,NA,NA
"All","OPV-BD",2022,NA,"(NA, NA)",NA,"(NA)","(NA, NA)",NA,NA,NA,NA,NA,NA,NA,NA,NA
"All","OPV-D1",2006,1,"(-1, 3)",1.8,"(4.86)","(-5, 20)",-4.7,-4,-1,-1,1,3,4,9.6,17.2
"All","OPV-D1",2007,0,"(-15, 3)",-1.4,"(16.52)","(-23, 169)",-19,-18,-16,-15,0,3,6,15,69
"All","OPV-D1",2008,0,"(-14, 3)",-1.2,"(16.93)","(-25, 193)",-19,-18,-16,-14,0,3,5,17,61.1
"All","OPV-D1",2009,1,"(-2, 3)",0.7,"(14.72)","(-27, 235)",-19,-18,-15,-2,1,3,6,19,56.1
"All","OPV-D1",2010,1,"(-1, 3)",2.8,"(15.41)","(-27, 211)",-19,-17,-2,-1,1,3,6,23,68.7
"All","OPV-D1",2011,1,"(0, 3.5)",4.3,"(12.77)","(-10, 164)",-5,-2,-1,0,1,3.5,6,21,60
"All","OPV-D1",2012,1,"(0, 3)",5.4,"(14.95)","(-10, 190)",-5,-2,-1,0,1,3,7,31.8,78
"All","OPV-D1",2013,1,"(0, 4)",3.8,"(9.92)","(-9, 151)",-5,-2,0,0,1,4,6,15,54
"All","OPV-D1",2014,1,"(0, 6)",5.1,"(11.22)","(-9, 129)",-6,-1,0,0,1,6,9,20,57
"All","OPV-D1",2015,2,"(0, 5)",4.1,"(10.12)","(-19, 130)",-8,-3,-1,0,2,5,8,16,53
"All","OPV-D1",2016,1,"(0, 4)",3.7,"(9.75)","(-21, 136)",-16,-2,0,0,1,4,6,16,52
"All","OPV-D1",2017,2,"(1, 4)",3.9,"(9.3)","(-9, 134)",-6,-2,0,1,2,4,6,15,53
"All","OPV-D1",2018,2,"(1, 4)",3.9,"(8.73)","(-9, 135)",-6,-2,0,1,2,4,6,15,52
"All","OPV-D1",2019,1,"(0, 3)",2.9,"(7.09)","(-8, 112)",-4,0,0,0,1,3,5,11,37.4
"All","OPV-D1",2020,1,"(0, 3)",2.5,"(6.75)","(-6, 74)",-4,0,0,0,1,3,4,10,38.5
"All","OPV-D1",2021,NA,"(NA, NA)",NA,"(NA)","(NA, NA)",NA,NA,NA,NA,NA,NA,NA,NA,NA
"All","OPV-D1",2022,NA,"(NA, NA)",NA,"(NA)","(NA, NA)",NA,NA,NA,NA,NA,NA,NA,NA,NA
"All","OPV-D2",2006,1,"(0, 4)",2.4,"(4.96)","(-4, 19)",-4,-4,-0.8,0,1,4,5,11.6,17
"All","OPV-D2",2007,1,"(-55, 5)",-14,"(32.1)","(-65, 166)",-61,-60,-58,-55,1,5,9,18,56.4
"All","OPV-D2",2008,1,"(-55, 5)",-13.6,"(32.94)","(-68, 194)",-61,-60,-58,-55,1,5,9,23,65.6
"All","OPV-D2",2009,2,"(-2, 6)",-6.3,"(28.84)","(-68, 204)",-61,-60,-56,-2,2,6,10,25,59
"All","OPV-D2",2010,2,"(0, 6)",2.1,"(22.6)","(-62, 191)",-60,-57,-1,0,2,6,10,33.1,72
"All","OPV-D2",2011,2,"(0, 5)",5.7,"(13.4)","(-10, 178)",-6,-2,0,0,2,5,9,25,66
"All","OPV-D2",2012,3,"(1, 6)",6.4,"(14.13)","(-14, 144)",-6,-2,0,1,3,6,9,33,72
"All","OPV-D2",2013,3,"(1, 6)",5.7,"(10.8)","(-15, 128)",-5,-1,0,1,3,6,10,22,56
"All","OPV-D2",2014,3,"(1, 6)",6.1,"(11.96)","(-10, 136)",-5,-1,1,1,3,6,10,24,60.6
"All","OPV-D2",2015,3,"(1, 7)",5.2,"(11.73)","(-63, 134)",-8,-3,0,1,3,7,10,21,54
"All","OPV-D2",2016,3,"(1, 6)",5,"(13.45)","(-77, 118)",-59,-2,0,1,3,6,10,23,56
"All","OPV-D2",2017,3,"(1, 7)",6,"(10.44)","(-11, 130)",-4,-1,1,1,3,7,10,22,56
"All","OPV-D2",2018,3,"(1, 7)",6.1,"(10.33)","(-11, 138)",-3,-1,1,1,3,7,10,23,55
"All","OPV-D2",2019,2,"(1, 5)",4.5,"(8.51)","(-11, 106)",-3,0,0,1,2,5,8,18,48
"All","OPV-D2",2020,1,"(0, 4)",3.9,"(8.26)","(-5, 98)",-2,0,0,0,1,4,7,15,47.9
"All","OPV-D2",2021,NA,"(NA, NA)",NA,"(NA)","(NA, NA)",NA,NA,NA,NA,NA,NA,NA,NA,NA
"All","OPV-D2",2022,NA,"(NA, NA)",NA,"(NA)","(NA, NA)",NA,NA,NA,NA,NA,NA,NA,NA,NA
"All","OPV-D3",2006,2,"(0, 6)",5.8,"(16.22)","(-8, 153)",-4.9,-2,0,0,2,6,9,19.6,51.4
"All","OPV-D3",2007,3,"(1, 7)",6.8,"(15.31)","(-23, 206)",-4,-1,0,1,3,7,11,24,70.4
"All","OPV-D3",2008,3,"(1, 8)",6.2,"(17.76)","(-60, 198)",-50,-2,0,1,3,8,14,31,75
"All","OPV-D3",2009,3,"(1, 8)",5,"(19.09)","(-59, 214)",-51,-39,0,1,3,8,14,32,72
"All","OPV-D3",2010,3,"(1, 9)",6.4,"(21.5)","(-68, 202)",-51,-32.9,-1,1,3,9,16,40,90.6
"All","OPV-D3",2011,3,"(1, 8)",6.3,"(17.64)","(-57, 223)",-49,-2,0,1,3,8,13,34,74
"All","OPV-D3",2012,3,"(1, 8)",7.3,"(13.58)","(-23, 145)",-8.6,-1,0,1,3,8,13,33,67.6
"All","OPV-D3",2013,4,"(1, 9)",8.1,"(13.56)","(-24, 126)",-5,-1,1,1,4,9,14,31,65
"All","OPV-D3",2014,4,"(2, 9)",8.5,"(14.45)","(-22, 132)",-6,0,1,2,4,9,15,34,75
"All","OPV-D3",2015,4,"(1, 9)",7.6,"(12.87)","(-23, 131)",-14,-1,1,1,4,9,14,29,62.8
"All","OPV-D3",2016,4,"(2, 10)",8.5,"(13.09)","(-16, 128)",-4,-1,1,2,4,10,15,32,64
"All","OPV-D3",2017,5,"(2, 10)",8.7,"(12.94)","(-14, 130)",-3,0,1,2,5,10,15,31,64
"All","OPV-D3",2018,5,"(2, 10)",8.8,"(12.39)","(-16, 123)",-3,0,1,2,5,10,15,33,61
"All","OPV-D3",2019,3,"(1, 7)",6.5,"(10.58)","(-10, 133)",-3,0,1,1,3,7,12,26,55
"All","OPV-D3",2020,2,"(1, 6)",5,"(9.07)","(-4, 98)",-1,0,0,1,2,6,9,21,50.6
"All","OPV-D3",2021,NA,"(NA, NA)",NA,"(NA)","(NA, NA)",NA,NA,NA,NA,NA,NA,NA,NA,NA
"All","OPV-D3",2022,NA,"(NA, NA)",NA,"(NA)","(NA, NA)",NA,NA,NA,NA,NA,NA,NA,NA,NA
"All","IPV-D1",2006,NA,"(NA, NA)",NA,"(NA)","(NA, NA)",NA,NA,NA,NA,NA,NA,NA,NA,NA
"All","IPV-D1",2007,NA,"(NA, NA)",NA,"(NA)","(NA, NA)",NA,NA,NA,NA,NA,NA,NA,NA,NA
"All","IPV-D1",2008,3,"(1, 7.5)",5.8,"(8.33)","(-5, 44)",-3.4,0,1,1,3,7.5,11,24.8,32.5
"All","IPV-D1",2009,3,"(1, 8)",7,"(10.62)","(-6, 55)",-3.2,-2,1,1,3,8,14,36.1,42.2
"All","IPV-D1",2010,NA,"(NA, NA)",NA,"(NA)","(NA, NA)",NA,NA,NA,NA,NA,NA,NA,NA,NA
"All","IPV-D1",2011,NA,"(NA, NA)",NA,"(NA)","(NA, NA)",NA,NA,NA,NA,NA,NA,NA,NA,NA
"All","IPV-D1",2012,NA,"(NA, NA)",NA,"(NA)","(NA, NA)",NA,NA,NA,NA,NA,NA,NA,NA,NA
"All","IPV-D1",2013,16,"(9.25, 42.25)",30.4,"(34.82)","(-16, 126)",-12,0.5,5.2,9.2,16,42.2,52.2,109.5,123.8
"All","IPV-D1",2014,3,"(1, 14)",8.8,"(15.7)","(-26, 88)",-26,-17,0,1,3,14,23,38,53
"All","IPV-D1",2015,11,"(5, 15)",12.7,"(13.66)","(-26, 119)",-8,0,2,5,11,15,21,35,68
"All","IPV-D1",2016,10,"(7, 18)",15.3,"(16.94)","(-14, 132)",-10,0,3,7,10,18,26,52,92
"All","IPV-D1",2017,3,"(1, 8)",7.8,"(13.96)","(-14, 120)",-4,0,1,1,3,8,15,30,73.5
"All","IPV-D1",2018,3,"(1, 6)",6.6,"(12.69)","(-12, 114)",-2,0,1,1,3,6,10,26,64.6
"All","IPV-D1",2019,3,"(1, 6)",6.3,"(12.55)","(-16, 133)",-6,0,1,1,3,6,10,26,67.2
"All","IPV-D1",2020,2,"(1, 5)",4.6,"(8.99)","(-12, 76)",-7,-1,0,1,2,5,9,19,50.5
"All","IPV-D1",2021,NA,"(NA, NA)",NA,"(NA)","(NA, NA)",NA,NA,NA,NA,NA,NA,NA,NA,NA
"All","IPV-D1",2022,NA,"(NA, NA)",NA,"(NA)","(NA, NA)",NA,NA,NA,NA,NA,NA,NA,NA,NA
"All","MCV-D1",2006,2,"(1, 5)",5.8,"(17.93)","(-39, 152)",-16.5,-1,0,1,2,5,7,18.8,68.5
"All","MCV-D1",2007,2,"(1, 6)",8.4,"(23.76)","(-52, 196)",-18.6,-2,0,1,2,6,11,46.9,142.8
"All","MCV-D1",2008,2,"(0, 7)",8.6,"(22.59)","(-54, 196)",-22,-2,0,0,2,7,13,50,118.8
"All","MCV-D1",2009,2,"(0, 7)",7.3,"(19.06)","(-54, 202)",-23,-7,-1,0,2,7,14,44,85.3
"All","MCV-D1",2010,2,"(0, 7)",9.1,"(26.01)","(-54, 206)",-22,-11,-2,0,2,7,15,54,147.6
"All","MCV-D1",2011,2,"(0, 6)",7.8,"(21.35)","(-54, 157)",-20,-6,-2,0,2,6,14,50,118
"All","MCV-D1",2012,2,"(-1, 5)",6.1,"(16.55)","(-54, 160)",-22,-2,-2,-1,2,5,10,40,83
"All","MCV-D1",2013,3,"(1, 7)",5.9,"(13.51)","(-48, 121)",-25,-4,0,1,3,7,11,32,61
"All","MCV-D1",2014,2,"(0, 6)",6.6,"(15.22)","(-52, 105)",-21,-3,0,0,2,6,12,41,75.7
"All","MCV-D1",2015,3,"(1, 13.25)",8,"(14.1)","(-52, 102)",-20,-3,0,1,3,13.2,17,36,66
"All","MCV-D1",2016,2,"(1, 6)",5.6,"(13.77)","(-52, 110)",-24,-6,0,1,2,6,11,34.2,60
"All","MCV-D1",2017,3,"(1, 7)",5.9,"(13.45)","(-41, 113)",-28,-4,0,1,3,7,11,33,62
"All","MCV-D1",2018,3,"(1, 7)",5.9,"(12.99)","(-41, 114)",-30,-4,0,1,3,7,12,31,57.1
"All","MCV-D1",2019,2,"(0, 5)",4.4,"(12.08)","(-41, 103)",-26,-4,0,0,2,5,9,23,59
"All","MCV-D1",2020,2,"(0, 4)",3.5,"(11.03)","(-39, 81)",-30.7,-4,0,0,2,4,7,21,52.2
"All","MCV-D1",2021,NA,"(NA, NA)",NA,"(NA)","(NA, NA)",NA,NA,NA,NA,NA,NA,NA,NA,NA
"All","MCV-D1",2022,NA,"(NA, NA)",NA,"(NA)","(NA, NA)",NA,NA,NA,NA,NA,NA,NA,NA,NA
"All","MCV-D2",2006,NA,"(NA, NA)",NA,"(NA)","(NA, NA)",NA,NA,NA,NA,NA,NA,NA,NA,NA
"All","MCV-D2",2007,NA,"(NA, NA)",NA,"(NA)","(NA, NA)",NA,NA,NA,NA,NA,NA,NA,NA,NA
"All","MCV-D2",2008,-10.5,"(-16.25, -4.75)",-10.5,"(16.26)","(-22, 1)",-21.8,-20.8,-18.6,-16.2,-10.5,-4.8,-2.4,-0.2,0.8
"All","MCV-D2",2009,2,"(0, 4)",6.9,"(26.21)","(-35, 161)",-31,-25.1,-1,0,2,4,9,54,124.2
"All","MCV-D2",2010,3,"(1, 14)",10.6,"(25.97)","(-77, 137)",-39,-25,0,1,3,14,25.5,66,106.4
"All","MCV-D2",2011,3,"(1, 6)",5.3,"(15.84)","(-66, 98)",-38,-18,0,1,3,6,13,32,63
"All","MCV-D2",2012,3,"(0.25, 8)",3.4,"(15.38)","(-71, 87)",-48.5,-27.5,-1,0.2,3,8,13,27.5,45.5
"All","MCV-D2",2013,4,"(-1, 19)",6,"(21.67)","(-66, 88)",-38,-25,-20.4,-1,4,19,27,44,69.4
"All","MCV-D2",2014,4,"(2, 10)",7.6,"(15.63)","(-71, 86)",-37,-3.2,1,2,4,10,25,33.2,57.9
"All","MCV-D2",2015,3,"(2, 7)",5.3,"(12.86)","(-66, 81)",-27,-11,1,2,3,7,11,27.4,56.3
"All","MCV-D2",2016,6,"(2, 12)",6.5,"(17.03)","(-70, 89)",-47,-24,-1,2,6,12,17,33,63
"All","MCV-D2",2017,6,"(2, 13)",7.3,"(16.9)","(-67, 85)",-50,-23,0,2,6,13,19,37,58
"All","MCV-D2",2018,6,"(2, 13)",6.4,"(16.73)","(-71, 82)",-51.1,-27,0,2,6,13,17,32,54
"All","MCV-D2",2019,3,"(1, 8)",4,"(15.15)","(-66, 97)",-45.8,-25,0,1,3,8,12,27,54
"All","MCV-D2",2020,2,"(1, 6)",3.8,"(10.15)","(-40, 70)",-34.2,-5.4,0,1,2,6,9,20,39.7
"All","MCV-D2",2021,NA,"(NA, NA)",NA,"(NA)","(NA, NA)",NA,NA,NA,NA,NA,NA,NA,NA,NA
"All","MCV-D2",2022,NA,"(NA, NA)",NA,"(NA)","(NA, NA)",NA,NA,NA,NA,NA,NA,NA,NA,NA
"All","HepB-BD",2006,NA,"(NA, NA)",NA,"(NA)","(NA, NA)",NA,NA,NA,NA,NA,NA,NA,NA,NA
"All","HepB-BD",2007,NA,"(NA, NA)",NA,"(NA)","(NA, NA)",NA,NA,NA,NA,NA,NA,NA,NA,NA
"All","HepB-BD",2008,NA,"(NA, NA)",NA,"(NA)","(NA, NA)",NA,NA,NA,NA,NA,NA,NA,NA,NA
"All","HepB-BD",2009,NA,"(NA, NA)",NA,"(NA)","(NA, NA)",NA,NA,NA,NA,NA,NA,NA,NA,NA
"All","HepB-BD",2010,NA,"(NA, NA)",NA,"(NA)","(NA, NA)",NA,NA,NA,NA,NA,NA,NA,NA,NA
"All","HepB-BD",2011,2,"(-0.5, 7)",12.1,"(33.32)","(-2, 146)",-1.8,-1.1,-1,-0.5,2,7,17.5,36.2,124
"All","HepB-BD",2012,3,"(1, 12)",8.1,"(14.43)","(-1, 75)",-1,-0.6,0,1,3,12,12.9,18.6,60.2
"All","HepB-BD",2013,1,"(0, 7.5)",7.6,"(18.26)","(-2, 133)",-1,0,0,0,1,7.5,11,52,92.8
"All","HepB-BD",2014,0,"(0, 1)",2.2,"(10.79)","(-2, 108)",-2,-1,0,0,0,1,2,7,52.4
"All","HepB-BD",2015,0,"(0, 1)",1.8,"(7.8)","(-2, 106)",-2,-1,0,0,0,1,2,7,52
"All","HepB-BD",2016,0,"(0, 1)",3.8,"(12.64)","(-2, 138)",0,0,0,0,0,1,4,22.2,55
"All","HepB-BD",2017,0,"(0, 1)",3,"(11.4)","(-2, 143)",-1,0,0,0,0,1,3,14,55
"All","HepB-BD",2018,0,"(0, 0)",2.6,"(10.35)","(-2, 120)",-1,0,0,0,0,0,2,13,52
"All","HepB-BD",2019,0,"(0, 0)",1.7,"(8.89)","(-2, 124)",0,0,0,0,0,0,0,7,52
"All","HepB-BD",2020,0,"(0, 0)",2.6,"(12.36)","(0, 104)",0,0,0,0,0,0,0,9,68.1
"All","HepB-BD",2021,NA,"(NA, NA)",NA,"(NA)","(NA, NA)",NA,NA,NA,NA,NA,NA,NA,NA,NA
"All","HepB-BD",2022,NA,"(NA, NA)",NA,"(NA)","(NA, NA)",NA,NA,NA,NA,NA,NA,NA,NA,NA
"All","HepB-D1",2006,NA,"(NA, NA)",NA,"(NA)","(NA, NA)",NA,NA,NA,NA,NA,NA,NA,NA,NA
"All","HepB-D1",2007,-9,"(-10, -7)",-7.3,"(10.43)","(-11, 95)",-11,-11,-10,-10,-9,-7,-7,-7,23.9
"All","HepB-D1",2008,-8,"(-10, -7)",-5,"(12.13)","(-11, 149)",-11,-11,-10,-10,-8,-7,1,7,44
"All","HepB-D1",2009,-7,"(-9, 1)",-2.3,"(13.05)","(-11, 147)",-11,-11,-10,-9,-7,1,3,15,44.8
"All","HepB-D1",2010,-9,"(-10, -7)",-6.4,"(13.86)","(-11, 102)",-11,-11,-10,-10,-9,-7,-7,-3,96
"All","HepB-D1",2011,2,"(-2, 7)",7.2,"(19.53)","(-10, 124)",-7,-5,-2,-2,2,7,12,44.5,98.6
"All","HepB-D1",2012,1,"(0, 3)",3.5,"(11.84)","(-10, 190)",-5.5,-2,0,0,1,3,6,12,54
"All","HepB-D1",2013,1,"(0, 3)",3.6,"(9.93)","(-9, 151)",-5,-2,0,0,1,3,5,14,53
"All","HepB-D1",2014,1,"(0, 3)",3.9,"(10.71)","(-9, 129)",-4,-1,0,0,1,3,6,17,54.6
"All","HepB-D1",2015,1,"(0, 3)",3,"(9.64)","(-13, 130)",-6,-4,-2,0,1,3,5,14,53
"All","HepB-D1",2016,1,"(0, 4)",4.2,"(10.72)","(-8, 135)",-6,-4,0,0,1,4,7,19,55
"All","HepB-D1",2017,2,"(1, 4)",4.4,"(10.92)","(-9, 134)",-6,-2,0,1,2,4,6,18,57
"All","HepB-D1",2018,2,"(1, 4)",4.4,"(10.14)","(-9, 123)",-6,-1,0,1,2,4,7,17,55
"All","HepB-D1",2019,1,"(0, 3)",2.9,"(7.27)","(-8, 112)",-4,-1,0,0,1,3,4,10.2,40.4
"All","HepB-D1",2020,1,"(0, 2)",2.3,"(6.53)","(-6, 73)",-4.5,-1,0,0,1,2,4,10,42.1
"All","HepB-D1",2021,NA,"(NA, NA)",NA,"(NA)","(NA, NA)",NA,NA,NA,NA,NA,NA,NA,NA,NA
"All","HepB-D1",2022,NA,"(NA, NA)",NA,"(NA)","(NA, NA)",NA,NA,NA,NA,NA,NA,NA,NA,NA
"All","HepB-D2",2006,NA,"(NA, NA)",NA,"(NA)","(NA, NA)",NA,NA,NA,NA,NA,NA,NA,NA,NA
"All","HepB-D2",2007,1,"(0, 4)",3.4,"(7.21)","(-2, 61)",-2,-1.6,-1,0,1,4,8,12.6,23.6
"All","HepB-D2",2008,1,"(0, 3)",3.5,"(11.82)","(-9, 178)",-3,-2,-1,0,1,3,5,16,53.6
"All","HepB-D2",2009,2,"(0, 6)",5.9,"(11.46)","(-12, 84)",-6,-2,0,0,2,6,12,33.5,54
"All","HepB-D2",2010,2,"(0, 4)",2.7,"(4.19)","(-3, 14)",-2.8,-2.1,-0.5,0,2,4,5,10.6,13.3
"All","HepB-D2",2011,-1,"(-5, 8)",6.5,"(21.87)","(-14, 125)",-9,-6,-6,-5,-1,8,13,55,107.4
"All","HepB-D2",2012,2,"(1, 6)",4.6,"(11.39)","(-14, 144)",-8.6,-5,0,1,2,6,8,16.1,56
"All","HepB-D2",2013,2,"(1, 5)",5.2,"(10.63)","(-15, 128)",-4,-1,0,1,2,5,8,20,56
"All","HepB-D2",2014,2,"(1, 5)",5.7,"(11.6)","(-8, 132)",-4,-1,0,1,2,5,9,24,56
"All","HepB-D2",2015,2,"(0, 5)",4.7,"(10.86)","(-22, 134)",-6,-3,-1,0,2,5,8,19,55
"All","HepB-D2",2016,3,"(1, 6)",5.6,"(12.23)","(-26, 119)",-21,-2,0,1,3,6,10,24.8,60
"All","HepB-D2",2017,3,"(1, 7)",6.3,"(11.07)","(-12, 132)",-4,-1,1,1,3,7,10,23,59
"All","HepB-D2",2018,3,"(1, 7)",6.4,"(10.95)","(-12, 138)",-3,-1,1,1,3,7,10,24,57
"All","HepB-D2",2019,2,"(1, 5)",4.5,"(8.82)","(-11, 111)",-3,0,0,1,2,5,7,17.1,49.2
"All","HepB-D2",2020,1,"(0, 4)",3.6,"(7.63)","(-5, 98)",-2,0,0,0,1,4,6,14,46.9
"All","HepB-D2",2021,NA,"(NA, NA)",NA,"(NA)","(NA, NA)",NA,NA,NA,NA,NA,NA,NA,NA,NA
"All","HepB-D2",2022,NA,"(NA, NA)",NA,"(NA)","(NA, NA)",NA,NA,NA,NA,NA,NA,NA,NA,NA
"All","HepB-D3",2006,NA,"(NA, NA)",NA,"(NA)","(NA, NA)",NA,NA,NA,NA,NA,NA,NA,NA,NA
"All","HepB-D3",2007,12,"(9, 15)",14.2,"(9.29)","(2, 66)",3,5.2,8,9,12,15,18.5,29.8,57.2
"All","HepB-D3",2008,11,"(8, 14)",13.1,"(14.36)","(-8, 148)",-0.4,1,4,8,11,14,17,31,68.2
"All","HepB-D3",2009,4,"(1, 10)",9,"(14.52)","(-6, 115)",-4,-2,1,1,4,10,16,35.3,81
"All","HepB-D3",2010,13,"(9.5, 22.5)",18.9,"(20.26)","(4, 87)",4.1,4.7,5.4,9.5,13,22.5,24.8,45.7,78.7
"All","HepB-D3",2011,-2,"(-9, 6)",3.7,"(22.11)","(-15, 124)",-15,-11,-10,-9,-2,6,14,42.5,108.7
"All","HepB-D3",2012,3,"(1, 8)",5.7,"(11.28)","(-19, 105)",-11,-6,0,1,3,8,11.2,25,52.8
"All","HepB-D3",2013,3,"(1, 8)",7.3,"(12.72)","(-24, 126)",-5,0,1,1,3,8,13,28,62.5
"All","HepB-D3",2014,3,"(1, 8)",7.6,"(13.36)","(-14, 132)",-4,0,1,1,3,8,13,31.9,63.4
"All","HepB-D3",2015,3,"(1, 8)",6.7,"(11.91)","(-13, 133)",-4,-2,0,1,3,8,12,26,57
"All","HepB-D3",2016,4,"(2, 10)",8.4,"(12.47)","(-14, 129)",-3,0,1,2,4,10,15,32,60
"All","HepB-D3",2017,5,"(2, 10)",8.7,"(12.58)","(-15, 132)",-3,0,1,2,5,10,15,30,63
"All","HepB-D3",2018,5,"(2, 10)",8.9,"(12.65)","(-15, 126)",-3,0,1,2,5,10,15,33,62
"All","HepB-D3",2019,3,"(1, 7)",6.5,"(11.02)","(-14, 130)",-2.7,0,1,1,3,7,11,25,56
"All","HepB-D3",2020,2,"(1, 5)",4.8,"(8.92)","(-4, 72)",-1,0,0,1,2,5,8,19.7,52.1
"All","HepB-D3",2021,NA,"(NA, NA)",NA,"(NA)","(NA, NA)",NA,NA,NA,NA,NA,NA,NA,NA,NA
"All","HepB-D3",2022,NA,"(NA, NA)",NA,"(NA)","(NA, NA)",NA,NA,NA,NA,NA,NA,NA,NA,NA
"All","Hib-D1",2006,NA,"(NA, NA)",NA,"(NA)","(NA, NA)",NA,NA,NA,NA,NA,NA,NA,NA,NA
"All","Hib-D1",2007,NA,"(NA, NA)",NA,"(NA)","(NA, NA)",NA,NA,NA,NA,NA,NA,NA,NA,NA
"All","Hib-D1",2008,1,"(0, 4)",4.8,"(15.36)","(-6, 134)",-4,-2.6,0,0,1,4,7,16.6,84.1
"All","Hib-D1",2009,1,"(0, 5)",4.7,"(10.79)","(-6, 84)",-6,-3.9,0,0,1,5,9,27,50.9
"All","Hib-D1",2010,NA,"(NA, NA)",NA,"(NA)","(NA, NA)",NA,NA,NA,NA,NA,NA,NA,NA,NA
"All","Hib-D1",2011,NA,"(NA, NA)",NA,"(NA)","(NA, NA)",NA,NA,NA,NA,NA,NA,NA,NA,NA
"All","Hib-D1",2012,1,"(0, 3)",2.9,"(9.22)","(-6, 119)",-4,-1,0,0,1,3,5,10,37.1
"All","Hib-D1",2013,1,"(0, 3)",3.5,"(9.78)","(-9, 116)",-5,-1,0,0,1,3,5,14,53
"All","Hib-D1",2014,1,"(0, 3)",3.9,"(10.75)","(-9, 129)",-4,-1,0,0,1,3,6,17,55
"All","Hib-D1",2015,1,"(0, 3)",3.1,"(9.68)","(-13, 130)",-6,-4,-2,0,1,3,5,14,53
"All","Hib-D1",2016,1,"(0, 4)",4.1,"(10.35)","(-7, 135)",-5,-2,0,0,1,4,7,20,53
"All","Hib-D1",2017,1,"(0, 3)",2.8,"(7.7)","(-9, 115)",-4,-1,0,0,1,3,4,10,44
"All","Hib-D1",2018,1,"(0, 3)",2.8,"(7.47)","(-9, 121)",-4,-1,0,0,1,3,4,10,42.6
"All","Hib-D1",2019,1,"(0, 2)",2.5,"(6.72)","(-8, 112)",-4,0,0,0,1,2,4,9,36.7
"All","Hib-D1",2020,1,"(0, 2)",2.3,"(6.5)","(-6, 73)",-3.5,0,0,0,1,2,4,10,41.9
"All","Hib-D1",2021,NA,"(NA, NA)",NA,"(NA)","(NA, NA)",NA,NA,NA,NA,NA,NA,NA,NA,NA
"All","Hib-D1",2022,NA,"(NA, NA)",NA,"(NA)","(NA, NA)",NA,NA,NA,NA,NA,NA,NA,NA,NA
"All","Hib-D2",2006,NA,"(NA, NA)",NA,"(NA)","(NA, NA)",NA,NA,NA,NA,NA,NA,NA,NA,NA
"All","Hib-D2",2007,NA,"(NA, NA)",NA,"(NA)","(NA, NA)",NA,NA,NA,NA,NA,NA,NA,NA,NA
"All","Hib-D2",2008,2,"(1, 5)",5.3,"(13.42)","(-5, 130)",-3.6,-2,0,1,2,5,8,18,56.6
"All","Hib-D2",2009,2,"(1, 6)",5.9,"(11.2)","(-12, 84)",-6,-3,0,1,2,6,12,32.7,51.9
"All","Hib-D2",2010,NA,"(NA, NA)",NA,"(NA)","(NA, NA)",NA,NA,NA,NA,NA,NA,NA,NA,NA
"All","Hib-D2",2011,NA,"(NA, NA)",NA,"(NA)","(NA, NA)",NA,NA,NA,NA,NA,NA,NA,NA,NA
"All","Hib-D2",2012,2,"(1, 5)",4.8,"(9.87)","(-8, 122)",-3,0,0,1,2,5,8,16.1,49.6
"All","Hib-D2",2013,2,"(1, 5)",5.2,"(10.68)","(-15, 128)",-4,-1,0,1,2,5,8,19,56
"All","Hib-D2",2014,2,"(1, 5)",5.7,"(11.65)","(-8, 132)",-4,-1,0,1,2,5,9,24.8,56
"All","Hib-D2",2015,2,"(0, 5)",4.8,"(10.74)","(-10, 134)",-4,-3,-1,0,2,5,8,19,55
"All","Hib-D2",2016,2,"(1, 6)",5.8,"(11.43)","(-8, 118)",-4,-1,0,1,2,6,10,25,58
"All","Hib-D2",2017,2,"(1, 5)",4.4,"(8.73)","(-11, 126)",-3,-0.8,0,1,2,5,7,15,51
"All","Hib-D2",2018,2,"(1, 4)",4.2,"(9.21)","(-9, 138)",-3,-1,1,1,2,4,6,14,49.8
"All","Hib-D2",2019,2,"(1, 4)",4,"(8.41)","(-11, 111)",-3,0,0,1,2,4,6,14,48
"All","Hib-D2",2020,1,"(0, 4)",3.6,"(7.61)","(-5, 98)",-2,0,0,0,1,4,6,14,46.7
"All","Hib-D2",2021,NA,"(NA, NA)",NA,"(NA)","(NA, NA)",NA,NA,NA,NA,NA,NA,NA,NA,NA
"All","Hib-D2",2022,NA,"(NA, NA)",NA,"(NA)","(NA, NA)",NA,NA,NA,NA,NA,NA,NA,NA,NA
"All","Hib-D3",2006,NA,"(NA, NA)",NA,"(NA)","(NA, NA)",NA,NA,NA,NA,NA,NA,NA,NA,NA
"All","Hib-D3",2007,NA,"(NA, NA)",NA,"(NA)","(NA, NA)",NA,NA,NA,NA,NA,NA,NA,NA,NA
"All","Hib-D3",2008,3,"(1, 7)",6.6,"(14.25)","(-8, 132)",-2.3,0,1,1,3,7,10,21.4,62
"All","Hib-D3",2009,3,"(1, 7)",7,"(11.79)","(-6, 89)",-4,-2,0,1,3,7,14,35,54.9
"All","Hib-D3",2010,NA,"(NA, NA)",NA,"(NA)","(NA, NA)",NA,NA,NA,NA,NA,NA,NA,NA,NA
"All","Hib-D3",2011,NA,"(NA, NA)",NA,"(NA)","(NA, NA)",NA,NA,NA,NA,NA,NA,NA,NA,NA
"All","Hib-D3",2012,4,"(1, 8)",6.7,"(11.04)","(-7, 105)",-3.6,0,1,1,4,8,12,25,55.3
"All","Hib-D3",2013,3,"(1, 8)",7.3,"(12.78)","(-15, 126)",-4,0,1,1,3,8,13,28,63
"All","Hib-D3",2014,3,"(1, 8)",7.7,"(13.44)","(-14, 132)",-3.7,0,1,1,3,8,13,32,63.7
"All","Hib-D3",2015,3,"(1, 8)",6.6,"(11.87)","(-20, 133)",-4,-2,0,1,3,8,12,26,57
"All","Hib-D3",2016,3,"(1, 9)",7.9,"(13.1)","(-11, 124)",-4,-1,0,1,3,9,14,34.9,61
"All","Hib-D3",2017,3,"(1, 7)",6.7,"(11.33)","(-11, 125)",-2,0,1,1,3,7,12,25,60
"All","Hib-D3",2018,3,"(1, 6)",5.7,"(10.01)","(-8, 113)",-2,0,1,1,3,6,9,20,52.8
"All","Hib-D3",2019,3,"(1, 6)",5.8,"(10.57)","(-14, 120)",-2,0,1,1,3,6,9,22,55
"All","Hib-D3",2020,2,"(1, 5)",4.8,"(8.68)","(-4, 72)",-1,0,0,1,2,5,8,19.2,50.5
"All","Hib-D3",2021,NA,"(NA, NA)",NA,"(NA)","(NA, NA)",NA,NA,NA,NA,NA,NA,NA,NA,NA
"All","Hib-D3",2022,NA,"(NA, NA)",NA,"(NA)","(NA, NA)",NA,NA,NA,NA,NA,NA,NA,NA,NA
"All","PCV-D1",2006,NA,"(NA, NA)",NA,"(NA)","(NA, NA)",NA,NA,NA,NA,NA,NA,NA,NA,NA
"All","PCV-D1",2007,180,"(169, 194)",160,"(67.98)","(1, 236)",1.3,2,118.3,169,180,194,202.8,214,228.5
"All","PCV-D1",2008,3,"(1, 123)",44.9,"(65.59)","(-6, 210)",-4,-2,0,1,3,123,139.8,159.6,194.1
"All","PCV-D1",2009,2,"(0, 9)",14.9,"(31.83)","(-11, 150)",-6,-2,0,0,2,9,26.9,101.6,125.3
"All","PCV-D1",2010,3,"(1, 12.5)",16,"(28.77)","(-8, 196)",-5,-2,0,1,3,12.5,45,86,98.8
"All","PCV-D1",2011,3,"(1, 13)",12.9,"(23.68)","(-9, 141)",-3,-1.4,0,1,3,13,29.2,61.8,109.4
"All","PCV-D1",2012,2,"(0, 8)",9.8,"(17.9)","(-9, 119)",-3,-1,0,0,2,8,22,52,75.5
"All","PCV-D1",2013,1,"(0, 4)",4.4,"(10.53)","(-9, 117)",-4,-1,0,0,1,4,7,22,54
"All","PCV-D1",2014,1,"(0, 3)",4.2,"(10.03)","(-6, 129)",-3,-1,0,0,1,3,6,20,53
"All","PCV-D1",2015,2,"(0, 4)",3.9,"(9.62)","(-9, 130)",-5,-1,0,0,2,4,6,15.9,52
"All","PCV-D1",2016,1,"(0, 4)",4.5,"(10.79)","(-6, 135)",-4,-2,0,0,1,4,8,22,53
"All","PCV-D1",2017,1,"(0, 3)",2.8,"(7.89)","(-9, 115)",-4,-1,0,0,1,3,4,10,45.6
"All","PCV-D1",2018,1,"(0, 3)",2.9,"(7.69)","(-9, 121)",-4,-1,0,0,1,3,5,10,40.5
"All","PCV-D1",2019,1,"(0, 3)",2.9,"(7.45)","(-7, 112)",-3,0,0,0,1,3,4,11,40
"All","PCV-D1",2020,1,"(0, 3)",2.9,"(7.82)","(-6, 103)",-2,0,0,0,1,3,4,12,45.6
"All","PCV-D1",2021,NA,"(NA, NA)",NA,"(NA)","(NA, NA)",NA,NA,NA,NA,NA,NA,NA,NA,NA
"All","PCV-D1",2022,NA,"(NA, NA)",NA,"(NA)","(NA, NA)",NA,NA,NA,NA,NA,NA,NA,NA,NA
"All","PCV-D2",2006,NA,"(NA, NA)",NA,"(NA)","(NA, NA)",NA,NA,NA,NA,NA,NA,NA,NA,NA
"All","PCV-D2",2007,4,"(2, 6.75)",22,"(45.14)","(1, 114)",1,1.2,1.8,2,4,6.8,33.8,87.2,108.7
"All","PCV-D2",2008,2,"(1, 5)",8.7,"(26.04)","(-5, 194)",-4,-0.9,0,1,2,5,8.7,38,129.4
"All","PCV-D2",2009,3,"(1, 8)",8.4,"(19.57)","(-12, 199)",-5.2,-2,0,1,3,8,14,35.5,90.8
"All","PCV-D2",2010,5,"(2, 13)",15.3,"(25.27)","(-4, 201)",-3,-1,0,2,5,13,39,66,106.9
"All","PCV-D2",2011,4,"(2, 10)",9.9,"(16.05)","(-10, 108)",-3,-1,0,2,4,10,18,49.6,78.5
"All","PCV-D2",2012,3,"(1, 7)",7,"(12.18)","(-5, 122)",-2,-1,1,1,3,7,12,28,56
"All","PCV-D2",2013,3,"(1, 6)",6,"(11.59)","(-11, 137)",-4,0,0,1,3,6,10,25,57
"All","PCV-D2",2014,2,"(1, 6)",5.9,"(10.68)","(-6, 116)",-3,0,1,1,2,6,10,28,54
"All","PCV-D2",2015,3,"(1, 6)",5.5,"(10.07)","(-9, 134)",-3,0,0,1,3,6,9,20.6,53
"All","PCV-D2",2016,2,"(1, 6)",6.3,"(11.92)","(-9, 118)",-4,-1,0,1,2,6,11,28,58
"All","PCV-D2",2017,2,"(1, 5)",4.4,"(8.68)","(-11, 126)",-3,0,0,1,2,5,7,16,48.3
"All","PCV-D2",2018,1,"(0, 4)",3.4,"(9.02)","(-9, 138)",-4,-3,-1,0,1,4,6,16,46.8
"All","PCV-D2",2019,1,"(0, 4)",3.4,"(8.36)","(-15, 107)",-4,-3,-1,0,1,4,6,17,44.6
"All","PCV-D2",2020,1,"(0, 4)",4.2,"(8.7)","(-5, 98)",-2,0,0,0,1,4,7.9,18,48
"All","PCV-D2",2021,NA,"(NA, NA)",NA,"(NA)","(NA, NA)",NA,NA,NA,NA,NA,NA,NA,NA,NA
"All","PCV-D2",2022,NA,"(NA, NA)",NA,"(NA)","(NA, NA)",NA,NA,NA,NA,NA,NA,NA,NA,NA
"All","PCV-D3",2006,NA,"(NA, NA)",NA,"(NA)","(NA, NA)",NA,NA,NA,NA,NA,NA,NA,NA,NA
"All","PCV-D3",2007,7,"(6, 54)",36.4,"(48.41)","(1, 114)",1.2,2,4,6,7,54,78,102,111.6
"All","PCV-D3",2008,3,"(1, 6)",8.6,"(23.23)","(-8, 198)",-2.5,0,1,1,3,6,10,29.9,125.9
"All","PCV-D3",2009,4,"(1, 9)",9.4,"(18.62)","(-8, 199)",-4.8,-2,0,1,4,9,18,42,76.2
"All","PCV-D3",2010,6,"(2, 18)",16.5,"(23.89)","(-7, 124)",-3,-1,1,2,6,18,40.8,70.2,104
"All","PCV-D3",2011,6,"(3, 16)",13.1,"(17.49)","(-11, 114)",-3,-1,1,3,6,16,26,55,78.2
"All","PCV-D3",2012,4,"(2, 8)",7.5,"(12.56)","(-5, 107)",-3,0,1,2,4,8,12,27,60.7
"All","PCV-D3",2013,4,"(1, 9)",8.2,"(13.5)","(-25, 126)",-4,0,1,1,4,9,14,32,63.2
"All","PCV-D3",2014,3,"(2, 8)",7.8,"(12.4)","(-13, 106)",-2,0,1,2,3,8,14,32.9,56
"All","PCV-D3",2015,5,"(2, 10)",8.4,"(12.37)","(-27, 131)",-5,0,1,2,5,10,15,29,58
"All","PCV-D3",2016,4,"(1, 10)",7.2,"(15.16)","(-47, 128)",-26,-3.9,0,1,4,10,15,34,64.6
"All","PCV-D3",2017,3,"(1, 7)",6.7,"(10.79)","(-10, 108)",-2,0,1,1,3,7,12,25,58.9
"All","PCV-D3",2018,2,"(0, 5)",1.2,"(14.11)","(-26, 113)",-23,-21,-17,0,2,5,8,20,54
"All","PCV-D3",2019,2,"(0, 5)",1.8,"(14.45)","(-26, 124)",-22,-21,-16,0,2,5,9,25,54
"All","PCV-D3",2020,2,"(1, 6)",5.6,"(10.2)","(-4, 93)",-1,0,0,1,2,6,10.6,25,52.7
"All","PCV-D3",2021,NA,"(NA, NA)",NA,"(NA)","(NA, NA)",NA,NA,NA,NA,NA,NA,NA,NA,NA
"All","PCV-D3",2022,NA,"(NA, NA)",NA,"(NA)","(NA, NA)",NA,NA,NA,NA,NA,NA,NA,NA,NA
"All","RV-D1",2006,NA,"(NA, NA)",NA,"(NA)","(NA, NA)",NA,NA,NA,NA,NA,NA,NA,NA,NA
"All","RV-D1",2007,12,"(2, 25)",19,"(28.98)","(-2, 148)",-2,-1.8,0,2,12,25,31.4,69.6,132.6
"All","RV-D1",2008,3,"(0, 15)",15.1,"(28.04)","(-10, 211)",-3.4,-2,0,0,3,15,43,64,141.5
"All","RV-D1",2009,1,"(0, 5)",8.4,"(19.76)","(-11, 203)",-4,-2,-1,0,1,5,13,47,89.5
"All","RV-D1",2010,2,"(0, 7)",9.7,"(19.19)","(-11, 161)",-3,-2,-1,0,2,7,42,48,78
"All","RV-D1",2011,2,"(0, 5)",8.1,"(16.78)","(-10, 133)",-2,-2,-1,0,2,5,12,46,74.9
"All","RV-D1",2012,1,"(0, 4)",2.9,"(7.42)","(-9, 105)",-2,-2,-1,0,1,4,5,11,33.1
"All","RV-D1",2013,1,"(0, 4)",3.9,"(10.1)","(-9, 116)",-4,-1,0,0,1,4,5,15,55
"All","RV-D1",2014,1,"(0, 3)",4.2,"(11.31)","(-8, 140)",-4,0,0,0,1,3,6,17,56
"All","RV-D1",2015,0,"(-3, 2)",1.7,"(10.78)","(-13, 137)",-8,-4,-4,-3,0,2,4,16,53
"All","RV-D1",2016,1,"(0, 4)",5.1,"(12.14)","(-6, 112)",-4,-2,0,0,1,4,7.5,30.5,59
"All","RV-D1",2017,2,"(1, 4)",5.6,"(13.8)","(-9, 137)",-5,-1,0,1,2,4,7,34,69.5
"All","RV-D1",2018,2,"(1, 5)",5,"(10.95)","(-9, 123)",-4,-1,0,1,2,5,7,21,56
"All","RV-D1",2019,1,"(0, 3)",3.3,"(8.35)","(-8, 116)",-4,-1,0,0,1,3,5,12,46
"All","RV-D1",2020,0,"(0, 1)",1.6,"(6.19)","(-6, 53)",-3,-1,0,0,0,1,2,6,42.9
"All","RV-D1",2021,NA,"(NA, NA)",NA,"(NA)","(NA, NA)",NA,NA,NA,NA,NA,NA,NA,NA,NA
"All","RV-D1",2022,NA,"(NA, NA)",NA,"(NA)","(NA, NA)",NA,NA,NA,NA,NA,NA,NA,NA,NA
"All","RV-D2",2006,NA,"(NA, NA)",NA,"(NA)","(NA, NA)",NA,NA,NA,NA,NA,NA,NA,NA,NA
"All","RV-D2",2007,11,"(2, 25)",20.8,"(36.46)","(-1, 197)",-1,-1,1,2,11,25,27,55.5,167.9
"All","RV-D2",2008,2,"(1, 8)",7.6,"(16.06)","(-8, 193)",-2,-0.9,0,1,2,8,12.7,35.9,76.9
"All","RV-D2",2009,2,"(1, 5)",4.4,"(9.58)","(-12, 119)",-3,-1,0,1,2,5,7,15,53.6
"All","RV-D2",2010,2,"(1, 6)",4.4,"(7.97)","(-9, 129)",-2,-1,0,1,2,6,8,14,40.9
"All","RV-D2",2011,3,"(1, 6)",5.1,"(8.97)","(-7, 158)",-2,-1,0,1,3,6,9,15.5,40.7
"All","RV-D2",2012,3,"(1, 5)",4.4,"(7.73)","(-6, 108)",-2,-1,0,1,3,5,8,14.4,41
"All","RV-D2",2013,3,"(1, 6)",6,"(12.07)","(-9, 113)",-3,0,1,1,3,6,9,23,59
"All","RV-D2",2014,2,"(1, 5)",5.7,"(11.94)","(-6, 111)",-3,0,1,1,2,5,9,22,61.1
"All","RV-D2",2015,1,"(-2, 4)",3.3,"(11.69)","(-10, 120)",-7,-4,-3,-2,1,4,7,21,54
"All","RV-D2",2016,3,"(1, 6)",7.1,"(14.24)","(-8, 115)",-4,-1,0,1,3,6,11,35,72.3
"All","RV-D2",2017,3,"(1, 6)",7.1,"(14.98)","(-12, 137)",-4,0,1,1,3,6,10,32,77
"All","RV-D2",2018,3,"(1, 7)",6.6,"(11.76)","(-12, 138)",-3,-1,1,1,3,7,10,24,62
"All","RV-D2",2019,2,"(1, 5)",4.7,"(9.26)","(-11, 110)",-3,0,0,1,2,5,8,18.6,53
"All","RV-D2",2020,1,"(0, 2)",2.4,"(6.59)","(-5, 72)",-4,-1,0,0,1,2,4,10,40.8
"All","RV-D2",2021,NA,"(NA, NA)",NA,"(NA)","(NA, NA)",NA,NA,NA,NA,NA,NA,NA,NA,NA
"All","RV-D2",2022,NA,"(NA, NA)",NA,"(NA)","(NA, NA)",NA,NA,NA,NA,NA,NA,NA,NA,NA
"All","RV-D3",2006,NA,"(NA, NA)",NA,"(NA)","(NA, NA)",NA,NA,NA,NA,NA,NA,NA,NA,NA
"All","RV-D3",2007,NA,"(NA, NA)",NA,"(NA)","(NA, NA)",NA,NA,NA,NA,NA,NA,NA,NA,NA
"All","RV-D3",2008,NA,"(NA, NA)",NA,"(NA)","(NA, NA)",NA,NA,NA,NA,NA,NA,NA,NA,NA
"All","RV-D3",2009,NA,"(NA, NA)",NA,"(NA)","(NA, NA)",NA,NA,NA,NA,NA,NA,NA,NA,NA
"All","RV-D3",2010,NA,"(NA, NA)",NA,"(NA)","(NA, NA)",NA,NA,NA,NA,NA,NA,NA,NA,NA
"All","RV-D3",2011,NA,"(NA, NA)",NA,"(NA)","(NA, NA)",NA,NA,NA,NA,NA,NA,NA,NA,NA
"All","RV-D3",2012,NA,"(NA, NA)",NA,"(NA)","(NA, NA)",NA,NA,NA,NA,NA,NA,NA,NA,NA
"All","RV-D3",2013,NA,"(NA, NA)",NA,"(NA)","(NA, NA)",NA,NA,NA,NA,NA,NA,NA,NA,NA
"All","RV-D3",2014,0,"(-2, 6)",5.1,"(13.82)","(-6, 56)",-6,-4.6,-3.8,-2,0,6,10,37.6,52.6
"All","RV-D3",2015,0,"(-2, 5.75)",4,"(11.89)","(-10, 120)",-8,-4,-2,-2,0,5.8,10,25.1,54
"All","RV-D3",2016,5,"(2, 12)",10.4,"(15.09)","(-11, 112)",-4,0,1,2,5,12,19.6,44,69.1
"All","RV-D3",2017,5,"(2, 10)",9.1,"(14.73)","(-14, 132)",-4,0,2,2,5,10,15,33,81
"All","RV-D3",2018,5,"(2, 10)",8.9,"(12.39)","(-14, 123)",-3,0,1,2,5,10,15,31,61
"All","RV-D3",2019,4,"(2, 10)",8.1,"(10.85)","(-7, 125)",-2,0,2,2,4,10,14.1,27,57
"All","RV-D3",2020,NA,"(NA, NA)",NA,"(NA)","(NA, NA)",NA,NA,NA,NA,NA,NA,NA,NA,NA
"All","RV-D3",2021,NA,"(NA, NA)",NA,"(NA)","(NA, NA)",NA,NA,NA,NA,NA,NA,NA,NA,NA
"All","RV-D3",2022,NA,"(NA, NA)",NA,"(NA)","(NA, NA)",NA,NA,NA,NA,NA,NA,NA,NA,NA
