"vaccine","var","char","coef","hr","ci_low","ci_upp"
"BCG","Sex at birth","Male",NA,"1","1","1"
"BCG","Sex at birth","Female","0.00750179253527478","1.00753000147598","0.992220557630721","1.02307566202634"
"BCG","Urban/Rural","Urban",NA,"1","1","1"
"BCG","Urban/Rural","Rural","-0.116559116409677","0.889977483148025","0.871766219083748","0.908569181933858"
"BCG","Wealth Quintile","Poorest",NA,"1","1","1"
"BCG","Wealth Quintile","Poor","0.186647013443547","1.20520178992766","1.1778106107686","1.23322997871192"
"BCG","Wealth Quintile","Middle","0.276976716196553","1.31913565618204","1.28722315418963","1.35183932463234"
"BCG","Wealth Quintile","Rich","0.346720447884347","1.41442126563997","1.37615607409062","1.45375045342628"
"BCG","Wealth Quintile","Richest","0.404812260373625","1.49902104798626","1.45064125860537","1.54901433347218"
"BCG","Mother's Education","None",NA,"1","1","1"
"BCG","Mother's Education","Primary","0.309039301046199","1.36211590203149","1.3300536483544","1.39495104792396"
"BCG","Mother's Education","Secondary","0.433655414618141","1.542887120158","1.50356729005283","1.58323520423605"
"BCG","Mother's Education","Higher","0.451318473426434","1.57038132718552","1.51134926636811","1.63171913180542"
"BCG","Mother's Marital Status","Not married",NA,"1","1","1"
"BCG","Mother's Marital Status","Married/Living together","0.0541563375442023","1.05564962692517","0.785716931974121","1.41831757656962"
"BCG","Mother's Marital Status","Widowed/Divorced/Not living together","0.0219896809175432","1.02223323590696","0.758981095971044","1.37679422338693"
"BCG","Husband's Occupation","No work",NA,"1","1","1"
"BCG","Husband's Occupation","Prof/Manager/Clerical/Sales","0.273127940062397","1.3140683560579","1.25222491853133","1.37896604582662"
"BCG","Husband's Occupation","Agricultural","0.157057476663221","1.1700628632774","1.11643790402105","1.22626354684845"
"BCG","Husband's Occupation","Household","0.323778305105167","1.38234081524523","1.31417260989392","1.45404501288998"
"BCG","Husband's Occupation","Manual","0.286366644594092","1.3315805825844","1.27021192476546","1.39591418829045"
"DTP-D1","Sex at birth","Male",NA,"1","1","1"
"DTP-D1","Sex at birth","Female","-0.00664031591791391","0.993381682261279","0.977527363289699","1.00949313923174"
"DTP-D1","Urban/Rural","Urban",NA,"1","1","1"
"DTP-D1","Urban/Rural","Rural","-0.0541227791532109","0.947315788730882","0.927046150055249","0.968028618127944"
"DTP-D1","Wealth Quintile","Poorest",NA,"1","1","1"
"DTP-D1","Wealth Quintile","Poor","0.143458828107303","1.15425928678929","1.12672929624922","1.18246193258174"
"DTP-D1","Wealth Quintile","Middle","0.223007852150209","1.24983038755339","1.21815786708912","1.2823264043638"
"DTP-D1","Wealth Quintile","Rich","0.299943911473542","1.3497830981078","1.31157202823385","1.38910740143708"
"DTP-D1","Wealth Quintile","Richest","0.36898413872744","1.44626466389479","1.39751377900575","1.49671617514842"
"DTP-D1","Mother's Education","None",NA,"1","1","1"
"DTP-D1","Mother's Education","Primary","0.344372231796621","1.411103795462","1.37681550701655","1.44624600131217"
"DTP-D1","Mother's Education","Secondary","0.499801888998584","1.64839467323048","1.60499735426872","1.69296540677019"
"DTP-D1","Mother's Education","Higher","0.556218258976597","1.74406441319572","1.67477128367141","1.8162245239288"
"DTP-D1","Mother's Marital Status","Not married",NA,"1","1","1"
"DTP-D1","Mother's Marital Status","Married/Living together","0.00486821685426451","1.00488008587444","0.742907622348358","1.35923223373999"
"DTP-D1","Mother's Marital Status","Widowed/Divorced/Not living together","-0.0751328782469862","0.927620217590485","0.683971368027416","1.25806328788916"
"DTP-D1","Husband's Occupation","No work",NA,"1","1","1"
"DTP-D1","Husband's Occupation","Prof/Manager/Clerical/Sales","0.252214147496623","1.2868715881086","1.22372123720573","1.35328082404011"
"DTP-D1","Husband's Occupation","Agricultural","0.184591135700931","1.20272658762086","1.145352945747","1.26297422112682"
"DTP-D1","Husband's Occupation","Household","0.292741950374049","1.34009693429694","1.27096436515116","1.41298988591114"
"DTP-D1","Husband's Occupation","Manual","0.271150791328657","1.31147281420334","1.2483685457063","1.37776696498013"
"DTP-D2","Sex at birth","Male",NA,"1","1","1"
"DTP-D2","Sex at birth","Female","-0.00368127690909378","0.996325490683739","0.980565050773713","1.01233924521676"
"DTP-D2","Urban/Rural","Urban",NA,"1","1","1"
"DTP-D2","Urban/Rural","Rural","-0.0285326384878788","0.971870573242554","0.951291709343741","0.992894610409677"
"DTP-D2","Wealth Quintile","Poorest",NA,"1","1","1"
"DTP-D2","Wealth Quintile","Poor","0.142541605006998","1.15320105889743","1.12593414273974","1.18112830205695"
"DTP-D2","Wealth Quintile","Middle","0.226439866954393","1.25412719307871","1.22259810831417","1.28646936857136"
"DTP-D2","Wealth Quintile","Rich","0.286891359582199","1.33227946621528","1.29489382968822","1.37074448530367"
"DTP-D2","Wealth Quintile","Richest","0.373481689309008","1.45278396182174","1.40433611256077","1.50290320162591"
"DTP-D2","Mother's Education","None",NA,"1","1","1"
"DTP-D2","Mother's Education","Primary","0.31868852476529","1.37532287916779","1.34217532076545","1.40928907922674"
"DTP-D2","Mother's Education","Secondary","0.492088912865148","1.63572955014071","1.5930939258698","1.67950622229804"
"DTP-D2","Mother's Education","Higher","0.573245842615392","1.77401589285467","1.70461092742601","1.84624675195129"
"DTP-D2","Mother's Marital Status","Not married",NA,"1","1","1"
"DTP-D2","Mother's Marital Status","Married/Living together","0.160039117832664","1.17355677709156","0.864539979341065","1.59302697615815"
"DTP-D2","Mother's Marital Status","Widowed/Divorced/Not living together","0.0415977237863108","1.04247503148106","0.766040978093494","1.41866325998137"
"DTP-D2","Husband's Occupation","No work",NA,"1","1","1"
"DTP-D2","Husband's Occupation","Prof/Manager/Clerical/Sales","0.248067198026016","1.28154604666521","1.21805366025158","1.34834804353695"
"DTP-D2","Husband's Occupation","Agricultural","0.206532310471447","1.22940745630985","1.17008042799193","1.29174256527321"
"DTP-D2","Husband's Occupation","Household","0.290993148941101","1.33775541887747","1.26835405871091","1.41095425874608"
"DTP-D2","Husband's Occupation","Manual","0.253836473154516","1.28896100730532","1.22624430085097","1.35488538230153"
"DTP-D3","Sex at birth","Male",NA,"1","1","1"
"DTP-D3","Sex at birth","Female","-0.0161475874641342","0.983982085917366","0.968105088456978","1.00011946734987"
"DTP-D3","Urban/Rural","Urban",NA,"1","1","1"
"DTP-D3","Urban/Rural","Rural","-0.0124315266542751","0.987645425565276","0.966314272137897","1.0094474590362"
"DTP-D3","Wealth Quintile","Poorest",NA,"1","1","1"
"DTP-D3","Wealth Quintile","Poor","0.143668182573227","1.15450096142276","1.12665378260383","1.18303643098384"
"DTP-D3","Wealth Quintile","Middle","0.217896913367075","1.24345887702299","1.21160920723097","1.27614578167574"
"DTP-D3","Wealth Quintile","Rich","0.26741477983127","1.30658227792926","1.26917117937592","1.34509613576181"
"DTP-D3","Wealth Quintile","Richest","0.360412985440177","1.43392148098852","1.38521481424198","1.48434076253038"
"DTP-D3","Mother's Education","None",NA,"1","1","1"
"DTP-D3","Mother's Education","Primary","0.308505195251133","1.3613885822848","1.32785527029091","1.39576873582718"
"DTP-D3","Mother's Education","Secondary","0.487313266022576","1.62793650670212","1.58465281213825","1.67240246541922"
"DTP-D3","Mother's Education","Higher","0.593323130675515","1.80999327658247","1.73786629757985","1.88511375462889"
"DTP-D3","Mother's Marital Status","Not married",NA,"1","1","1"
"DTP-D3","Mother's Marital Status","Married/Living together","0.0403706935615239","1.04119666756482","0.766695297516833","1.41397828323616"
"DTP-D3","Mother's Marital Status","Widowed/Divorced/Not living together","-0.112238505196302","0.893831048725931","0.656475928831885","1.21700417117821"
"DTP-D3","Husband's Occupation","No work",NA,"1","1","1"
"DTP-D3","Husband's Occupation","Prof/Manager/Clerical/Sales","0.226846653934027","1.25463745946948","1.19076166313582","1.32193973272424"
"DTP-D3","Husband's Occupation","Agricultural","0.218985342454908","1.24481303065068","1.18307827092496","1.30976920070238"
"DTP-D3","Husband's Occupation","Household","0.262003715242488","1.29953137049457","1.23045689127587","1.37248350175714"
"DTP-D3","Husband's Occupation","Manual","0.251176176978009","1.28553654632577","1.22132989105178","1.3531186160653"
"OPV-BD","Sex at birth","Male",NA,"1","1","1"
"OPV-BD","Sex at birth","Female","0.00694966161290975","1.00697386655073","0.986430998062257","1.02794454950019"
"OPV-BD","Urban/Rural","Urban",NA,"1","1","1"
"OPV-BD","Urban/Rural","Rural","-0.113773727329721","0.892459872315887","0.867718863051264","0.917906314602076"
"OPV-BD","Wealth Quintile","Poorest",NA,"1","1","1"
"OPV-BD","Wealth Quintile","Poor","0.222170220647008","1.24878392858181","1.20876531072755","1.2901274436355"
"OPV-BD","Wealth Quintile","Middle","0.347161083257996","1.41504464701471","1.36789929506535","1.46381488773946"
"OPV-BD","Wealth Quintile","Rich","0.456843634854259","1.57908195156462","1.52176436010765","1.63855842279073"
"OPV-BD","Wealth Quintile","Richest","0.588226430000839","1.80079175125722","1.72387837672716","1.88113672935136"
"OPV-BD","Mother's Education","None",NA,"1","1","1"
"OPV-BD","Mother's Education","Primary","0.280612953030164","1.32394107737349","1.28447228227502","1.36462265519061"
"OPV-BD","Mother's Education","Secondary","0.407774456727004","1.50346802582731","1.45673094826759","1.5517045940249"
"OPV-BD","Mother's Education","Higher","0.468382873438432","1.59740889105296","1.51727187260192","1.68177846784913"
"OPV-BD","Mother's Marital Status","Not married",NA,"1","1","1"
"OPV-BD","Mother's Marital Status","Married/Living together","0.241160256039887","1.27272498083134","0.933151536755368","1.73586905559238"
"OPV-BD","Mother's Marital Status","Widowed/Divorced/Not living together","0.205198526389955","1.22776878527456","0.894085208500227","1.68598716963808"
"OPV-BD","Husband's Occupation","No work",NA,"1","1","1"
"OPV-BD","Husband's Occupation","Prof/Manager/Clerical/Sales","0.248443662797863","1.2820285944307","1.20608601485203","1.3627529850262"
"OPV-BD","Husband's Occupation","Agricultural","0.113773108097111","1.12049786414781","1.05575061220118","1.18921594650287"
"OPV-BD","Husband's Occupation","Household","0.280689933842592","1.3240429993562","1.24128358943313","1.4123201813574"
"OPV-BD","Husband's Occupation","Manual","0.278351592902963","1.32095055241171","1.24382952527512","1.40285330622847"
"OPV-D1","Sex at birth","Male",NA,"1","1","1"
"OPV-D1","Sex at birth","Female","0.00303430462580425","1.00303891278776","0.985959646456221","1.02041403437004"
"OPV-D1","Urban/Rural","Urban",NA,"1","1","1"
"OPV-D1","Urban/Rural","Rural","-0.0299390708127761","0.970504663807473","0.948121462252517","0.993416286806091"
"OPV-D1","Wealth Quintile","Poorest",NA,"1","1","1"
"OPV-D1","Wealth Quintile","Poor","0.137777181315905","1.14771978836802","1.11806826181845","1.17815768284944"
"OPV-D1","Wealth Quintile","Middle","0.208501516144153","1.23183079769259","1.19852470073465","1.26606244595029"
"OPV-D1","Wealth Quintile","Rich","0.274689332346227","1.31612173489724","1.2767739253223","1.35668217114604"
"OPV-D1","Wealth Quintile","Richest","0.322339695302083","1.38035359595652","1.33125030355083","1.43126806791173"
"OPV-D1","Mother's Education","None",NA,"1","1","1"
"OPV-D1","Mother's Education","Primary","0.295339375420619","1.34358226011569","1.3087680772179","1.37932252560363"
"OPV-D1","Mother's Education","Secondary","0.433130512592334","1.54207746809563","1.50023999755862","1.58508166791847"
"OPV-D1","Mother's Education","Higher","0.491880420269309","1.63538854819014","1.5693717148346","1.70418243063169"
"OPV-D1","Mother's Marital Status","Not married",NA,"1","1","1"
"OPV-D1","Mother's Marital Status","Married/Living together","0.0433632256079567","1.04431714870032","0.771910120097452","1.41285659907126"
"OPV-D1","Mother's Marital Status","Widowed/Divorced/Not living together","0.0115582622847493","1.01162531709494","0.743769519759067","1.37594477186823"
"OPV-D1","Husband's Occupation","No work",NA,"1","1","1"
"OPV-D1","Husband's Occupation","Prof/Manager/Clerical/Sales","0.271912814637138","1.31247256792564","1.24725992056122","1.38109484090712"
"OPV-D1","Husband's Occupation","Agricultural","0.198184738073574","1.21918760338779","1.16027922163806","1.28108681473754"
"OPV-D1","Husband's Occupation","Household","0.295927256413399","1.3443723588079","1.27429504786905","1.41830343149261"
"OPV-D1","Husband's Occupation","Manual","0.291938646740473","1.33902086182461","1.27377124018423","1.40761293067207"
"OPV-D2","Sex at birth","Male",NA,"1","1","1"
"OPV-D2","Sex at birth","Female","-0.000805759882398536","0.999194564654923","0.981870219443905","1.01682458461913"
"OPV-D2","Urban/Rural","Urban",NA,"1","1","1"
"OPV-D2","Urban/Rural","Rural","-0.0150768693867349","0.985036217562791","0.961894054146962","1.00873515719036"
"OPV-D2","Wealth Quintile","Poorest",NA,"1","1","1"
"OPV-D2","Wealth Quintile","Poor","0.14586957540049","1.15704527104327","1.12655163948466","1.18836430778798"
"OPV-D2","Wealth Quintile","Middle","0.212033767775853","1.23618962774798","1.20208844615398","1.27125820120889"
"OPV-D2","Wealth Quintile","Rich","0.267975539064573","1.30731516147208","1.26751948449256","1.3483602834705"
"OPV-D2","Wealth Quintile","Richest","0.326376530506056","1.38593711824384","1.33569071657588","1.43807370365661"
"OPV-D2","Mother's Education","None",NA,"1","1","1"
"OPV-D2","Mother's Education","Primary","0.297624253437481","1.34665569155653","1.31107280414331","1.38320430861701"
"OPV-D2","Mother's Education","Secondary","0.454599733486824","1.57554261985491","1.5319705560555","1.62035395338849"
"OPV-D2","Mother's Education","Higher","0.527123915852926","1.69405305627232","1.62458083023718","1.76649613491167"
"OPV-D2","Mother's Marital Status","Not married",NA,"1","1","1"
"OPV-D2","Mother's Marital Status","Married/Living together","0.126173457629225","1.13447893524368","0.835607527850628","1.54024755835099"
"OPV-D2","Mother's Marital Status","Widowed/Divorced/Not living together","0.00901459374776685","1.00905534756564","0.739100984480638","1.37760971211031"
"OPV-D2","Husband's Occupation","No work",NA,"1","1","1"
"OPV-D2","Husband's Occupation","Prof/Manager/Clerical/Sales","0.274019168813291","1.31524001358734","1.2488337958441","1.38517735434282"
"OPV-D2","Husband's Occupation","Agricultural","0.217302419490499","1.24271986802476","1.18170268827644","1.30688766785829"
"OPV-D2","Husband's Occupation","Household","0.29488337400356","1.34296972437034","1.27188873330246","1.41802315985015"
"OPV-D2","Husband's Occupation","Manual","0.285284882704681","1.33014090829027","1.26426893155969","1.39944500077571"
"OPV-D3","Sex at birth","Male",NA,"1","1","1"
"OPV-D3","Sex at birth","Female","-0.0114618892259066","0.988603547976468","0.972795641038001","1.00466833304147"
"OPV-D3","Urban/Rural","Urban",NA,"1","1","1"
"OPV-D3","Urban/Rural","Rural","0.0315644888814078","1.03206793035597","1.00987710257981","1.05474637473036"
"OPV-D3","Wealth Quintile","Poorest",NA,"1","1","1"
"OPV-D3","Wealth Quintile","Poor","0.12341282343846","1.13135137292037","1.10432176757148","1.15904256041567"
"OPV-D3","Wealth Quintile","Middle","0.169652476916595","1.18489300209136","1.15486406315014","1.21570275775613"
"OPV-D3","Wealth Quintile","Rich","0.208531710946838","1.23186799314202","1.19692114998826","1.26783518909548"
"OPV-D3","Wealth Quintile","Richest","0.267169834677953","1.30626227612591","1.26200428911952","1.35207237308213"
"OPV-D3","Mother's Education","None",NA,"1","1","1"
"OPV-D3","Mother's Education","Primary","0.24313684953322","1.27524312860465","1.24410290142923","1.30716280396512"
"OPV-D3","Mother's Education","Secondary","0.389177449055999","1.47576640145465","1.43702159169996","1.51555584428347"
"OPV-D3","Mother's Education","Higher","0.451414549676634","1.57053221078286","1.50938647856698","1.63415497629758"
"OPV-D3","Mother's Marital Status","Not married",NA,"1","1","1"
"OPV-D3","Mother's Marital Status","Married/Living together","0.0285076032367946","1.02891783391072","0.757662801154255","1.39728637505589"
"OPV-D3","Mother's Marital Status","Widowed/Divorced/Not living together","-0.125893353125352","0.881708873265195","0.647640370528676","1.20037380708675"
"OPV-D3","Husband's Occupation","No work",NA,"1","1","1"
"OPV-D3","Husband's Occupation","Prof/Manager/Clerical/Sales","0.204392666447279","1.22677977414739","1.16375325808008","1.29321967849095"
"OPV-D3","Husband's Occupation","Agricultural","0.23183364893492","1.26090995766656","1.19780825712761","1.32733591698166"
"OPV-D3","Husband's Occupation","Household","0.23653213220215","1.26684826159058","1.19901751607336","1.3385163238907"
"OPV-D3","Husband's Occupation","Manual","0.234609800479733","1.26441529822039","1.20070043508406","1.33151117436035"
"MCV-D1","Sex at birth","Male",NA,"1","1","1"
"MCV-D1","Sex at birth","Female","0.00538493431882039","1.00539945913766","0.988350477874492","1.02274253421533"
"MCV-D1","Urban/Rural","Urban",NA,"1","1","1"
"MCV-D1","Urban/Rural","Rural","0.0520639424777737","1.05344310012185","1.02933888013752","1.07811177310827"
"MCV-D1","Wealth Quintile","Poorest",NA,"1","1","1"
"MCV-D1","Wealth Quintile","Poor","0.141832482758757","1.15238358824744","1.12324548807113","1.1822775595943"
"MCV-D1","Wealth Quintile","Middle","0.206489638074883","1.22935499566666","1.19634551035094","1.26327527649369"
"MCV-D1","Wealth Quintile","Rich","0.254291830538222","1.28954807887084","1.25076622006778","1.32953242663474"
"MCV-D1","Wealth Quintile","Richest","0.34248236402261","1.40843951423577","1.357869220093","1.46089316696112"
"MCV-D1","Mother's Education","None",NA,"1","1","1"
"MCV-D1","Mother's Education","Primary","0.294499125056859","1.3424537887985","1.30721639339846","1.37864104532395"
"MCV-D1","Mother's Education","Secondary","0.47209966898776","1.60335718075026","1.55741094164708","1.65065891109295"
"MCV-D1","Mother's Education","Higher","0.527545976807409","1.69476820082887","1.62393652501504","1.76868936088135"
"MCV-D1","Mother's Marital Status","Not married",NA,"1","1","1"
"MCV-D1","Mother's Marital Status","Married/Living together","-0.108296269500329","0.897361696141977","0.626449159116535","1.28543234831449"
"MCV-D1","Mother's Marital Status","Widowed/Divorced/Not living together","-0.213574856964191","0.807691696539125","0.562544682353845","1.15966943981866"
"MCV-D1","Husband's Occupation","No work",NA,"1","1","1"
"MCV-D1","Husband's Occupation","Prof/Manager/Clerical/Sales","0.203646014150308","1.22586413808457","1.1599443372548","1.29553017052379"
"MCV-D1","Husband's Occupation","Agricultural","0.204689498806659","1.22714397613298","1.16284271948207","1.29500087409084"
"MCV-D1","Husband's Occupation","Household","0.215337565438539","1.24028050214038","1.17047922510614","1.31424436332914"
"MCV-D1","Husband's Occupation","Manual","0.194642631894533","1.21487675070057","1.1508871601036","1.28242417724072"
"MCV-D2","Sex at birth","Male",NA,"1","1","1"
"MCV-D2","Sex at birth","Female","-0.0100470284151999","0.990003274369333","0.95871399213008","1.02231373622116"
"MCV-D2","Urban/Rural","Urban",NA,"1","1","1"
"MCV-D2","Urban/Rural","Rural","0.144998954470122","1.15603836159474","1.10762658561328","1.20656610344785"
"MCV-D2","Wealth Quintile","Poorest",NA,"1","1","1"
"MCV-D2","Wealth Quintile","Poor","0.1424213502084","1.15306238927436","1.09878933775148","1.21001617678583"
"MCV-D2","Wealth Quintile","Middle","0.227992317337121","1.25607567538931","1.19396869429922","1.32141329151911"
"MCV-D2","Wealth Quintile","Rich","0.283954728346754","1.3283727917591","1.25529020284151","1.405710225326"
"MCV-D2","Wealth Quintile","Richest","0.336565813492489","1.40013101374962","1.3084013518802","1.49829167697393"
"MCV-D2","Mother's Education","None",NA,"1","1","1"
"MCV-D2","Mother's Education","Primary","0.220449391796653","1.24663683309142","1.18416109412598","1.31240876036995"
"MCV-D2","Mother's Education","Secondary","0.397029171373926","1.48739931890016","1.41419369294043","1.56439442836479"
"MCV-D2","Mother's Education","Higher","0.503954424851474","1.65525392299458","1.54239762110654","1.77636785229436"
"MCV-D2","Mother's Marital Status","Not married",NA,"1","1","1"
"MCV-D2","Mother's Marital Status","Married/Living together","0.0517027482592334","1.05306267127301","0.495361052640453","2.23865195642168"
"MCV-D2","Mother's Marital Status","Widowed/Divorced/Not living together","-0.141589605590356","0.867977396473195","0.402837145099608","1.87019685238336"
"MCV-D2","Husband's Occupation","No work",NA,"1","1","1"
"MCV-D2","Husband's Occupation","Prof/Manager/Clerical/Sales","0.200173046574917","1.22161413601264","1.11158816340233","1.34253057601674"
"MCV-D2","Husband's Occupation","Agricultural","0.30508397977256","1.35673893684943","1.23751151388806","1.48745326577205"
"MCV-D2","Husband's Occupation","Household","0.296862150530251","1.34562979230901","1.22142351082251","1.48246658256173"
"MCV-D2","Husband's Occupation","Manual","0.243414367804226","1.27559708098467","1.16424381333188","1.39760065235817"
"HepB-BD","Sex at birth","Male",NA,"1","1","1"
"HepB-BD","Sex at birth","Female","-0.0131936393698089","0.986893015175194","0.950221644634611","1.0249796233342"
"HepB-BD","Urban/Rural","Urban",NA,"1","1","1"
"HepB-BD","Urban/Rural","Rural","-0.0626952526864036","0.939229657795063","0.895736817720416","0.984834309174477"
"HepB-BD","Wealth Quintile","Poorest",NA,"1","1","1"
"HepB-BD","Wealth Quintile","Poor","0.241208827502173","1.27278680044606","1.20129763176084","1.34853028638306"
"HepB-BD","Wealth Quintile","Middle","0.355385637480731","1.42673074905783","1.34150053723563","1.51737593374483"
"HepB-BD","Wealth Quintile","Rich","0.461720022464898","1.58680097240222","1.48396797815969","1.69675987829549"
"HepB-BD","Wealth Quintile","Richest","0.514197932778231","1.67229666940597","1.54943088402197","1.80490538774277"
"HepB-BD","Mother's Education","None",NA,"1","1","1"
"HepB-BD","Mother's Education","Primary","0.228814480318828","1.25710879895162","1.17593432865392","1.3438867238535"
"HepB-BD","Mother's Education","Secondary","0.452199556049859","1.5717655726128","1.47913597183889","1.6701960213837"
"HepB-BD","Mother's Education","Higher","0.488726857997592","1.63023937195628","1.50169668465592","1.76978509510751"
"HepB-BD","Mother's Marital Status","Not married",NA,"1","1","1"
"HepB-BD","Mother's Marital Status","Married/Living together","0.257829822642338","1.29411857020534","0.639660795287116","2.61817339141224"
"HepB-BD","Mother's Marital Status","Widowed/Divorced/Not living together","0.303668527367463","1.35481989593412","0.645448155542152","2.8438177949043"
"HepB-BD","Husband's Occupation","No work",NA,"1","1","1"
"HepB-BD","Husband's Occupation","Prof/Manager/Clerical/Sales","0.136577021760805","1.14634316774487","1.01156377578465","1.29908038394911"
"HepB-BD","Husband's Occupation","Agricultural","0.0637930834257242","1.06587182939501","0.939706796834973","1.20897577896031"
"HepB-BD","Husband's Occupation","Household","0.238787766516261","1.26970903321457","1.11713583492209","1.44311996682044"
"HepB-BD","Husband's Occupation","Manual","0.254022958435605","1.28920140197541","1.13799055271217","1.46050443994832"
"HepB-D1","Sex at birth","Male",NA,"1","1","1"
"HepB-D1","Sex at birth","Female","-0.0118953812945707","0.988175089052849","0.967615062826114","1.00917197772074"
"HepB-D1","Urban/Rural","Urban",NA,"1","1","1"
"HepB-D1","Urban/Rural","Rural","-0.0598458787785712","0.941909690670069","0.916324490435983","0.968209269356168"
"HepB-D1","Wealth Quintile","Poorest",NA,"1","1","1"
"HepB-D1","Wealth Quintile","Poor","0.170824183430859","1.18628216262591","1.14921047944373","1.22454971873002"
"HepB-D1","Wealth Quintile","Middle","0.279368066361898","1.32229394623522","1.27897635028343","1.36707866401347"
"HepB-D1","Wealth Quintile","Rich","0.354805936207645","1.42590391110891","1.37469562102536","1.4790197427116"
"HepB-D1","Wealth Quintile","Richest","0.408925313973106","1.50519929893213","1.44064741154911","1.57264359852602"
"HepB-D1","Mother's Education","None",NA,"1","1","1"
"HepB-D1","Mother's Education","Primary","0.370772908497503","1.44885401358987","1.4035278032432","1.49564401064575"
"HepB-D1","Mother's Education","Secondary","0.552538757553771","1.73765891744808","1.68011127275024","1.79717770028658"
"HepB-D1","Mother's Education","Higher","0.65977512942967","1.93435730546076","1.83965073853793","2.03393943578833"
"HepB-D1","Mother's Marital Status","Not married",NA,"1","1","1"
"HepB-D1","Mother's Marital Status","Married/Living together","0.0199878115469191","1.02018890542637","0.75369815050565","1.38090481190222"
"HepB-D1","Mother's Marital Status","Widowed/Divorced/Not living together","0.0776521805465821","1.08074668856652","0.775323932667577","1.50648439398591"
"HepB-D1","Husband's Occupation","No work",NA,"1","1","1"
"HepB-D1","Husband's Occupation","Prof/Manager/Clerical/Sales","0.258000680381352","1.29433969926853","1.22509332278158","1.3675001128067"
"HepB-D1","Husband's Occupation","Agricultural","0.173578906029922","1.18955454609313","1.12833305085399","1.25409781895501"
"HepB-D1","Husband's Occupation","Household","0.316243425497081","1.37196418604477","1.29473205924284","1.45380329030413"
"HepB-D1","Husband's Occupation","Manual","0.318655107851965","1.37527692089024","1.30345685967907","1.45105424478647"
"HepB-D2","Sex at birth","Male",NA,"1","1","1"
"HepB-D2","Sex at birth","Female","-0.0096105017148541","0.990435531571066","0.969500840971294","1.01182227053633"
"HepB-D2","Urban/Rural","Urban",NA,"1","1","1"
"HepB-D2","Urban/Rural","Rural","-0.0187318576487289","0.981442493260725","0.954211884177017","1.00945018978525"
"HepB-D2","Wealth Quintile","Poorest",NA,"1","1","1"
"HepB-D2","Wealth Quintile","Poor","0.160593968080441","1.17420810603841","1.13681549660485","1.2128306487764"
"HepB-D2","Wealth Quintile","Middle","0.275345500223305","1.31698561509623","1.27307116437853","1.36241488999327"
"HepB-D2","Wealth Quintile","Rich","0.341286818558063","1.40675666692311","1.35544598191194","1.46000972841513"
"HepB-D2","Wealth Quintile","Richest","0.382127454467679","1.46539884486074","1.40172699771105","1.53196291291083"
"HepB-D2","Mother's Education","None",NA,"1","1","1"
"HepB-D2","Mother's Education","Primary","0.34604149557009","1.41346126698186","1.36850415918531","1.45989527313336"
"HepB-D2","Mother's Education","Secondary","0.550965266880632","1.73492687733188","1.67672803297083","1.79514579019442"
"HepB-D2","Mother's Education","Higher","0.654418078962706","1.92402256234001","1.82884299142816","2.02415562065425"
"HepB-D2","Mother's Marital Status","Not married",NA,"1","1","1"
"HepB-D2","Mother's Marital Status","Married/Living together","0.174798112103134","1.19100574269424","0.876734857530168","1.61792891767378"
"HepB-D2","Mother's Marital Status","Widowed/Divorced/Not living together","0.225424522208978","1.25285446785991","0.8947256282756","1.75433034220971"
"HepB-D2","Husband's Occupation","No work",NA,"1","1","1"
"HepB-D2","Husband's Occupation","Prof/Manager/Clerical/Sales","0.252439215072533","1.28716125377339","1.21754633238938","1.36075650604945"
"HepB-D2","Husband's Occupation","Agricultural","0.184010778731495","1.20202877937194","1.13934145379321","1.2681652033532"
"HepB-D2","Husband's Occupation","Household","0.310734023554635","1.36442626767112","1.28667028474512","1.44688119558129"
"HepB-D2","Husband's Occupation","Manual","0.306768347943993","1.35902611041203","1.28719173600216","1.43486934939315"
"HepB-D3","Sex at birth","Male",NA,"1","1","1"
"HepB-D3","Sex at birth","Female","-0.0122154389215035","0.987858866686242","0.966478478717767","1.00971223051476"
"HepB-D3","Urban/Rural","Urban",NA,"1","1","1"
"HepB-D3","Urban/Rural","Rural","-0.00223158733985382","0.997770900799996","0.969450599637039","1.02691851534876"
"HepB-D3","Wealth Quintile","Poorest",NA,"1","1","1"
"HepB-D3","Wealth Quintile","Poor","0.162959644887052","1.17698919119832","1.13855210473821","1.21672389909305"
"HepB-D3","Wealth Quintile","Middle","0.26756349035316","1.30677659490983","1.2621822738648","1.35294648353384"
"HepB-D3","Wealth Quintile","Rich","0.322069384410393","1.37998052177043","1.32848143568044","1.43347598944083"
"HepB-D3","Wealth Quintile","Richest","0.382187219095298","1.46548642649413","1.40037950537303","1.53362032077615"
"HepB-D3","Mother's Education","None",NA,"1","1","1"
"HepB-D3","Mother's Education","Primary","0.327333963264973","1.3872646952741","1.34193473868838","1.43412587756314"
"HepB-D3","Mother's Education","Secondary","0.541392682849114","1.71839838043747","1.65934275067728","1.77955578658168"
"HepB-D3","Mother's Education","Higher","0.652837994874971","1.92098484546088","1.82406538536397","2.02305400129834"
"HepB-D3","Mother's Marital Status","Not married",NA,"1","1","1"
"HepB-D3","Mother's Marital Status","Married/Living together","0.0545072094509952","1.05602008971137","0.776984288409539","1.4352650967457"
"HepB-D3","Mother's Marital Status","Widowed/Divorced/Not living together","0.118631380214798","1.12595479256749","0.803107685375736","1.57858555955989"
"HepB-D3","Husband's Occupation","No work",NA,"1","1","1"
"HepB-D3","Husband's Occupation","Prof/Manager/Clerical/Sales","0.236059124285481","1.26624917403138","1.19578518599285","1.34086539080501"
"HepB-D3","Husband's Occupation","Agricultural","0.196439202884635","1.21706132481107","1.15173558714127","1.28609229834381"
"HepB-D3","Husband's Occupation","Household","0.288286757800257","1.33413982427669","1.25627760525976","1.41682782791706"
"HepB-D3","Husband's Occupation","Manual","0.311843593554293","1.36594103433889","1.29176340966778","1.44437820062627"
"Hib-D1","Sex at birth","Male",NA,"1","1","1"
"Hib-D1","Sex at birth","Female","-0.0132870077167006","0.986800874907368","0.964437248507918","1.00968307499993"
"Hib-D1","Urban/Rural","Urban",NA,"1","1","1"
"Hib-D1","Urban/Rural","Rural","-0.0657143535340453","0.936398304959597","0.908664897840613","0.964978164794269"
"Hib-D1","Wealth Quintile","Poorest",NA,"1","1","1"
"Hib-D1","Wealth Quintile","Poor","0.183652795604537","1.20159855036276","1.16058258730568","1.24406405199116"
"Hib-D1","Wealth Quintile","Middle","0.284860371439511","1.3295763683257","1.28198684937145","1.37893249067016"
"Hib-D1","Wealth Quintile","Rich","0.355581164057531","1.4270097401114","1.37078565649164","1.4855399082484"
"Hib-D1","Wealth Quintile","Richest","0.396636832131999","1.48681586824171","1.41629610564643","1.56084692829568"
"Hib-D1","Mother's Education","None",NA,"1","1","1"
"Hib-D1","Mother's Education","Primary","0.406033641508985","1.50085304256985","1.4508245554471","1.55260665180636"
"Hib-D1","Mother's Education","Secondary","0.616634447167268","1.85268223749701","1.78504571420805","1.92288155189334"
"Hib-D1","Mother's Education","Higher","0.736634912478526","2.08889436174075","1.97281013825249","2.21180922071774"
"Hib-D1","Mother's Marital Status","Not married",NA,"1","1","1"
"Hib-D1","Mother's Marital Status","Married/Living together","0.0496926313688938","1.05094801827279","0.770320937523477","1.43380723969721"
"Hib-D1","Mother's Marital Status","Widowed/Divorced/Not living together","0.190617342863836","1.20999634974428","0.84544696091418","1.73173626978488"
"Hib-D1","Husband's Occupation","No work",NA,"1","1","1"
"Hib-D1","Husband's Occupation","Prof/Manager/Clerical/Sales","0.243231220235465","1.27536347987296","1.20542617409968","1.34935845988951"
"Hib-D1","Husband's Occupation","Agricultural","0.178255355502362","1.1951304654134","1.13227717244589","1.26147277726516"
"Hib-D1","Husband's Occupation","Household","0.260004531512449","1.29693596373392","1.21802448296151","1.38095983911317"
"Hib-D1","Husband's Occupation","Manual","0.313302259381424","1.36793493971484","1.29505250848783","1.44491901836289"
"Hib-D2","Sex at birth","Male",NA,"1","1","1"
"Hib-D2","Sex at birth","Female","-0.0114372998804298","0.988627857389524","0.965855219071426","1.01193742199401"
"Hib-D2","Urban/Rural","Urban",NA,"1","1","1"
"Hib-D2","Urban/Rural","Rural","-0.0214277009294733","0.978800241258713","0.949152339991112","1.00937422995458"
"Hib-D2","Wealth Quintile","Poorest",NA,"1","1","1"
"Hib-D2","Wealth Quintile","Poor","0.179204634416335","1.19626551621833","1.15464041947238","1.239391208864"
"Hib-D2","Wealth Quintile","Middle","0.277086889800887","1.31928099811817","1.27122667282066","1.36915185089199"
"Hib-D2","Wealth Quintile","Rich","0.348099330517174","1.41637293180872","1.35968168387653","1.47542789297632"
"Hib-D2","Wealth Quintile","Richest","0.370522312244248","1.44849098169167","1.37891844259189","1.52157376334626"
"Hib-D2","Mother's Education","None",NA,"1","1","1"
"Hib-D2","Mother's Education","Primary","0.383185126414275","1.46694957604739","1.41724398064942","1.51839844659601"
"Hib-D2","Mother's Education","Secondary","0.609792046743153","1.84004871486982","1.77195668383333","1.91075735879136"
"Hib-D2","Mother's Education","Higher","0.732317750280944","2.07989570427575","1.96336581480889","2.20334188770919"
"Hib-D2","Mother's Marital Status","Not married",NA,"1","1","1"
"Hib-D2","Mother's Marital Status","Married/Living together","0.196855980719899","1.21756867471416","0.889030725998357","1.66751658215235"
"Hib-D2","Mother's Marital Status","Widowed/Divorced/Not living together","0.368381678923948","1.44539360998341","1.00535017943907","2.07804477535033"
"Hib-D2","Husband's Occupation","No work",NA,"1","1","1"
"Hib-D2","Husband's Occupation","Prof/Manager/Clerical/Sales","0.245245286076407","1.27793473436129","1.20699878934922","1.35303962166158"
"Hib-D2","Husband's Occupation","Agricultural","0.193549959287807","1.21355001313143","1.14875950325837","1.28199473448889"
"Hib-D2","Husband's Occupation","Household","0.261186672721101","1.29847003174549","1.21840137331777","1.38380049486485"
"Hib-D2","Husband's Occupation","Manual","0.306053660676543","1.35805517875236","1.28470996338363","1.43558773661147"
"Hib-D3","Sex at birth","Male",NA,"1","1","1"
"Hib-D3","Sex at birth","Female","-0.0151435716626209","0.984970515596509","0.961728117523732","1.00877462030792"
"Hib-D3","Urban/Rural","Urban",NA,"1","1","1"
"Hib-D3","Urban/Rural","Rural","0.00141388474942575","1.00141488475571","0.970363486771781","1.03345992000021"
"Hib-D3","Wealth Quintile","Poorest",NA,"1","1","1"
"Hib-D3","Wealth Quintile","Poor","0.179365058958234","1.19645744196015","1.1537355875177","1.24076125059275"
"Hib-D3","Wealth Quintile","Middle","0.265696870549119","1.30433961500338","1.25567982405375","1.35488505801965"
"Hib-D3","Wealth Quintile","Rich","0.329565463317427","1.39036383309143","1.3333999944053","1.4497612092993"
"Hib-D3","Wealth Quintile","Richest","0.382060243539815","1.46530035735444","1.39333015730557","1.54098806087361"
"Hib-D3","Mother's Education","None",NA,"1","1","1"
"Hib-D3","Mother's Education","Primary","0.362657950440169","1.43714420061896","1.38709697299482","1.48899715995589"
"Hib-D3","Mother's Education","Secondary","0.598847772118349","1.82002051338956","1.75096435787677","1.89180016957941"
"Hib-D3","Mother's Education","Higher","0.723675495171603","2.06199816394825","1.94400106278722","2.18715746072169"
"Hib-D3","Mother's Marital Status","Not married",NA,"1","1","1"
"Hib-D3","Mother's Marital Status","Married/Living together","0.0803733830147231","1.08369162418866","0.790865634373343","1.48493939462575"
"Hib-D3","Mother's Marital Status","Widowed/Divorced/Not living together","0.220453521769146","1.24664198167788","0.864720507793629","1.79724687511707"
"Hib-D3","Husband's Occupation","No work",NA,"1","1","1"
"Hib-D3","Husband's Occupation","Prof/Manager/Clerical/Sales","0.230662208530338","1.25943374161399","1.18750453054457","1.33571982987586"
"Hib-D3","Husband's Occupation","Agricultural","0.209744597243304","1.23336301541269","1.16558543545734","1.30508179110098"
"Hib-D3","Husband's Occupation","Household","0.232465494166826","1.26170690935972","1.18201674560582","1.34676968921465"
"Hib-D3","Husband's Occupation","Manual","0.311609189023793","1.36562088909526","1.28987665956633","1.44581297669216"
"PCV-D1","Sex at birth","Male",NA,"1","1","1"
"PCV-D1","Sex at birth","Female","0.00570735024020296","1.0057236681929","0.981183768886625","1.03087732271718"
"PCV-D1","Urban/Rural","Urban",NA,"1","1","1"
"PCV-D1","Urban/Rural","Rural","-0.00776457914827093","0.992265487328233","0.960335987949933","1.02525658696242"
"PCV-D1","Wealth Quintile","Poorest",NA,"1","1","1"
"PCV-D1","Wealth Quintile","Poor","0.176988813485345","1.19361774063011","1.14933708817384","1.23960439927213"
"PCV-D1","Wealth Quintile","Middle","0.27711785247351","1.3193218472162","1.267967103812","1.37275654179751"
"PCV-D1","Wealth Quintile","Rich","0.370048082071401","1.44780422641596","1.38585016143364","1.51252793148972"
"PCV-D1","Wealth Quintile","Richest","0.426306429724259","1.53159002794301","1.45251660103164","1.61496812637351"
"PCV-D1","Mother's Education","None",NA,"1","1","1"
"PCV-D1","Mother's Education","Primary","0.361943739883543","1.43611814351351","1.38648699551823","1.48752590453097"
"PCV-D1","Mother's Education","Secondary","0.537253412810783","1.71130016635465","1.64548179520922","1.77975123631988"
"PCV-D1","Mother's Education","Higher","0.691510442601815","1.99672920153392","1.87047187652789","2.13150892792846"
"PCV-D1","Mother's Marital Status","Not married",NA,"1","1","1"
"PCV-D1","Mother's Marital Status","Married/Living together","-0.0189108592953551","0.981266829160913","0.71580875517098","1.34517017716766"
"PCV-D1","Mother's Marital Status","Widowed/Divorced/Not living together","-0.0410044051131488","0.959824901801191","0.685716140451408","1.34350613580599"
"PCV-D1","Husband's Occupation","No work",NA,"1","1","1"
"PCV-D1","Husband's Occupation","Prof/Manager/Clerical/Sales","0.271275529202811","1.31163641473757","1.22986024894794","1.39885006116532"
"PCV-D1","Husband's Occupation","Agricultural","0.216127607047317","1.24126076251589","1.167888331578","1.31924280678424"
"PCV-D1","Husband's Occupation","Household","0.271240656510308","1.31159067524174","1.22058783714477","1.40937837247762"
"PCV-D1","Husband's Occupation","Manual","0.305190859634071","1.3568839526686","1.27525318116645","1.44374002605939"
"PCV-D2","Sex at birth","Male",NA,"1","1","1"
"PCV-D2","Sex at birth","Female","-0.000679229597715171","0.999321001026489","0.974305991448588","1.02497826335627"
"PCV-D2","Urban/Rural","Urban",NA,"1","1","1"
"PCV-D2","Urban/Rural","Rural","0.0212606084240836","1.0214882253891","0.987694117436583","1.05643860400492"
"PCV-D2","Wealth Quintile","Poorest",NA,"1","1","1"
"PCV-D2","Wealth Quintile","Poor","0.174212352280058","1.19030830366694","1.14486825178202","1.23755188037849"
"PCV-D2","Wealth Quintile","Middle","0.268601512665471","1.30813376243578","1.25580475135492","1.36264330786941"
"PCV-D2","Wealth Quintile","Rich","0.346627914994218","1.41429039120759","1.35230232950161","1.47911991795451"
"PCV-D2","Wealth Quintile","Richest","0.399271231325119","1.49073789859387","1.41216439075157","1.57368327431152"
"PCV-D2","Mother's Education","None",NA,"1","1","1"
"PCV-D2","Mother's Education","Primary","0.352514006951704","1.422639582453","1.37223531700428","1.47489527232138"
"PCV-D2","Mother's Education","Secondary","0.532796856538669","1.70369062962348","1.6368261029624","1.77328657956619"
"PCV-D2","Mother's Education","Higher","0.676444533711577","1.96687213795318","1.84029744294007","2.10215257424693"
"PCV-D2","Mother's Marital Status","Not married",NA,"1","1","1"
"PCV-D2","Mother's Marital Status","Married/Living together","0.00484824170361483","1.00486001344382","0.730111161574034","1.38299987695218"
"PCV-D2","Mother's Marital Status","Widowed/Divorced/Not living together","0.0636358132940085","1.0657042127729","0.756215985869843","1.50185329369297"
"PCV-D2","Husband's Occupation","No work",NA,"1","1","1"
"PCV-D2","Husband's Occupation","Prof/Manager/Clerical/Sales","0.300254115291521","1.35020187092738","1.26431564874049","1.44192242979189"
"PCV-D2","Husband's Occupation","Agricultural","0.255246936882857","1.290780322791","1.21313038409825","1.37340047165904"
"PCV-D2","Husband's Occupation","Household","0.299713325494104","1.34947189293124","1.25404986950119","1.45215468228212"
"PCV-D2","Husband's Occupation","Manual","0.324802141792946","1.38375683124777","1.29896626601913","1.47408213601497"
"PCV-D3","Sex at birth","Male",NA,"1","1","1"
"PCV-D3","Sex at birth","Female","-0.014918744036012","0.985191989075556","0.959392386758277","1.01168538414012"
"PCV-D3","Urban/Rural","Urban",NA,"1","1","1"
"PCV-D3","Urban/Rural","Rural","0.0551855280665454","1.0567366507975","1.02002380772043","1.09477086778428"
"PCV-D3","Wealth Quintile","Poorest",NA,"1","1","1"
"PCV-D3","Wealth Quintile","Poor","0.188788004648987","1.20778488056113","1.15930321493021","1.2582940329376"
"PCV-D3","Wealth Quintile","Middle","0.283449539715231","1.32770188240844","1.27217686675079","1.38565032474861"
"PCV-D3","Wealth Quintile","Rich","0.387534999192998","1.4733445185858","1.40591317639455","1.54401004762875"
"PCV-D3","Wealth Quintile","Richest","0.417192506704529","1.51769465121068","1.43433861867388","1.60589488724993"
"PCV-D3","Mother's Education","None",NA,"1","1","1"
"PCV-D3","Mother's Education","Primary","0.331662795139123","1.39328294750804","1.34173054762645","1.44681611017263"
"PCV-D3","Mother's Education","Secondary","0.515662376893344","1.67474744849872","1.60646121098723","1.74593634572063"
"PCV-D3","Mother's Education","Higher","0.619391274975028","1.8577968101671","1.73345575208787","1.9910568722103"
"PCV-D3","Mother's Marital Status","Not married",NA,"1","1","1"
"PCV-D3","Mother's Marital Status","Married/Living together","-0.0837495153885489","0.919661588322199","0.667645434641247","1.26680629141092"
"PCV-D3","Mother's Marital Status","Widowed/Divorced/Not living together","0.0914672756970953","1.09578091743915","0.769090008801819","1.56124225419914"
"PCV-D3","Husband's Occupation","No work",NA,"1","1","1"
"PCV-D3","Husband's Occupation","Prof/Manager/Clerical/Sales","0.334014509512641","1.39656340688191","1.30372828144418","1.49600908195463"
"PCV-D3","Husband's Occupation","Agricultural","0.30784499907537","1.36049009537049","1.27473744396143","1.452011399186"
"PCV-D3","Husband's Occupation","Household","0.329243161239613","1.3899157881459","1.28742377644315","1.50056720520925"
"PCV-D3","Husband's Occupation","Manual","0.372023529728847","1.45066711469544","1.35784268695268","1.54983717766425"
"RV-D1","Sex at birth","Male",NA,"1","1","1"
"RV-D1","Sex at birth","Female","0.00582517980276628","1.0058421791547","0.98192149911642","1.03034559308159"
"RV-D1","Urban/Rural","Urban",NA,"1","1","1"
"RV-D1","Urban/Rural","Rural","0.0160720494792268","1.0162018995862","0.983723156988698","1.04975296493346"
"RV-D1","Wealth Quintile","Poorest",NA,"1","1","1"
"RV-D1","Wealth Quintile","Poor","0.114616766451529","1.12144358040663","1.08253231077317","1.16175350289268"
"RV-D1","Wealth Quintile","Middle","0.15855712974723","1.17181886802867","1.1282715163089","1.21704699588644"
"RV-D1","Wealth Quintile","Rich","0.247213461854339","1.28045241135394","1.2266080738079","1.33666035040211"
"RV-D1","Wealth Quintile","Richest","0.267560220729186","1.30677232224873","1.23953220670264","1.37765996959287"
"RV-D1","Mother's Education","None",NA,"1","1","1"
"RV-D1","Mother's Education","Primary","0.234666788172763","1.26448735638446","1.22149986847526","1.30898767631635"
"RV-D1","Mother's Education","Secondary","0.355294417815482","1.42660060909225","1.37106847436012","1.4843819516835"
"RV-D1","Mother's Education","Higher","0.453951476094603","1.57452159368447","1.47801084267561","1.67733427752857"
"RV-D1","Mother's Marital Status","Not married",NA,"1","1","1"
"RV-D1","Mother's Marital Status","Married/Living together","-0.302442222603605","0.73901118516766","0.406013561840593","1.34512140266224"
"RV-D1","Mother's Marital Status","Widowed/Divorced/Not living together","-0.377416338027284","0.685630560390121","0.375434383084911","1.25212097378559"
"RV-D1","Husband's Occupation","No work",NA,"1","1","1"
"RV-D1","Husband's Occupation","Prof/Manager/Clerical/Sales","0.345762642902252","1.4130671744861","1.32016700857705","1.51250472602126"
"RV-D1","Husband's Occupation","Agricultural","0.326376123055772","1.38593655354348","1.29911237506844","1.47856349251294"
"RV-D1","Husband's Occupation","Household","0.380213121880031","1.46259626748659","1.36060854612802","1.57222872644255"
"RV-D1","Husband's Occupation","Manual","0.353810938998861","1.42448584629962","1.33357814756583","1.52159056446129"
"RV-D2","Sex at birth","Male",NA,"1","1","1"
"RV-D2","Sex at birth","Female","0.00237543762247962","1.00237826120974","0.977425682402258","1.0279678513014"
"RV-D2","Urban/Rural","Urban",NA,"1","1","1"
"RV-D2","Urban/Rural","Rural","0.0501089069446135","1.05138559333373","1.01572703744464","1.08829599402091"
"RV-D2","Wealth Quintile","Poorest",NA,"1","1","1"
"RV-D2","Wealth Quintile","Poor","0.112405419062073","1.11896641901432","1.07810853486911","1.16137272490263"
"RV-D2","Wealth Quintile","Middle","0.169220909913831","1.18438175169719","1.13828382164995","1.23234654404557"
"RV-D2","Wealth Quintile","Rich","0.245577973912637","1.27835995843242","1.222066579978","1.33724643984026"
"RV-D2","Wealth Quintile","Richest","0.269513444961044","1.30932723596149","1.23858882863447","1.38410566218379"
"RV-D2","Mother's Education","None",NA,"1","1","1"
"RV-D2","Mother's Education","Primary","0.232230388503069","1.26141030978682","1.21702461843358","1.30741477660857"
"RV-D2","Mother's Education","Secondary","0.36991560143411","1.4476124330941","1.3891860840533","1.50849607587073"
"RV-D2","Mother's Education","Higher","0.492697466606184","1.63672528242535","1.5297156755875","1.75122063065837"
"RV-D2","Mother's Marital Status","Not married",NA,"1","1","1"
"RV-D2","Mother's Marital Status","Married/Living together","-0.153437196282127","0.857754632687195","0.471191953975686","1.56145070748451"
"RV-D2","Mother's Marital Status","Widowed/Divorced/Not living together","-0.22272540050619","0.800334590596205","0.437677223647543","1.46348821071076"
"RV-D2","Husband's Occupation","No work",NA,"1","1","1"
"RV-D2","Husband's Occupation","Prof/Manager/Clerical/Sales","0.347066848141233","1.41491130639995","1.31974391163009","1.5169412696935"
"RV-D2","Husband's Occupation","Agricultural","0.344478384872462","1.411253596421","1.32122898427589","1.50741221780169"
"RV-D2","Husband's Occupation","Household","0.396012577933258","1.48588800683403","1.37993940488184","1.5999711009356"
"RV-D2","Husband's Occupation","Manual","0.356916423822685","1.42891644148938","1.33589978155167","1.52840970928754"
"RV-D3","Sex at birth","Male",NA,"1","1","1"
"RV-D3","Sex at birth","Female","0.0207391014703986","1.02095565105913","0.962511611454341","1.08294843306316"
"RV-D3","Urban/Rural","Urban",NA,"1","1","1"
"RV-D3","Urban/Rural","Rural","0.0661315197693636","1.06836721933667","0.987506219181745","1.15584944497761"
"RV-D3","Wealth Quintile","Poorest",NA,"1","1","1"
"RV-D3","Wealth Quintile","Poor","0.0146240101118343","1.01473146411154","0.930388816332559","1.10672003594882"
"RV-D3","Wealth Quintile","Middle","0.0434772527273148","1.04443623596595","0.953653694340965","1.14386077196771"
"RV-D3","Wealth Quintile","Rich","0.177994123811878","1.19481830023707","1.08308985133369","1.31807233612567"
"RV-D3","Wealth Quintile","Richest","0.366706180055223","1.44297388231658","1.28042032045423","1.62616415233798"
"RV-D3","Mother's Education","None",NA,"1","1","1"
"RV-D3","Mother's Education","Primary","0.138975913012417","1.14909642139903","1.03494387864453","1.27583979471565"
"RV-D3","Mother's Education","Secondary","0.262239181705513","1.29983740257871","1.18503470056714","1.42576185518783"
"RV-D3","Mother's Education","Higher","0.276764092366829","1.31885520632312","1.16514419095203","1.4928444640181"
"RV-D3","Mother's Marital Status","Not married",NA,"1","1","1"
"RV-D3","Mother's Marital Status","Married/Living together","-1.59814516853538","0.202271349526023","0.0504298230894032","0.811299670168305"
"RV-D3","Mother's Marital Status","Widowed/Divorced/Not living together","-1.80421385993593","0.164603807374246","0.0389508433264513","0.695605308850865"
"RV-D3","Husband's Occupation","No work",NA,"1","1","1"
"RV-D3","Husband's Occupation","Prof/Manager/Clerical/Sales","0.253751582517531","1.28885159122862","1.12097987373319","1.48186284440637"
"RV-D3","Husband's Occupation","Agricultural","0.333736030793745","1.3961745478405","1.21591221118174","1.60316127275595"
"RV-D3","Husband's Occupation","Household","0.408758239856195","1.5049478400952","1.30914161238113","1.73004049370012"
"RV-D3","Husband's Occupation","Manual","0.271100852858248","1.3114073228923","1.13682332764812","1.5128024950838"
