"Vaccine","Characteristic","Levels","Data Available (n)","Data Not Available (n)","Data Available (%)","Data Not Availanle (%)","Chi2","Flag 5%","Flag 10%","Flag 20%"
"BCG","Sex at birth","Male","258861","120332","51","50.97","0.81451243530103","","",""
"","","Female","248738","115763","49","49.03","","","",""
"BCG","Health Card","No card","55979","330","11.21","38.33","0","*","**","***"
"","","Yes - Seen","334854","2","67.08","0.23","","*","**","***"
"","","Yes - Not Seen","67724","338","13.57","39.26","","*","**","***"
"","","Lost","39827","174","7.98","20.21","","*","**",""
"","","Other","838","17","0.17","1.97","","","",""
"BCG","Urban/Rural","Urban","153373","70174","30.22","29.72","1.63241636166791e-05","","",""
"","","Rural","354226","165921","69.78","70.28","","","",""
"BCG","Residence","City","1312","96","16.61","14.81","0.107605466595442","","",""
"","","Town","2289","212","28.97","32.72","","","",""
"","","Countryside","4300","340","54.42","52.47","","","",""
"BCG","Wealth Quintile","Poorest","132043","62285","26.01","26.38","0.00971065269421365","","",""
"","","Poor","112883","52180","22.24","22.1","","","",""
"","","Middle","100135","46408","19.73","19.66","","","",""
"","","Rich","88568","41218","17.45","17.46","","","",""
"","","Richest","73970","34004","14.57","14.4","","","",""
"BCG","Mother's Education","None","133547","71115","27.13","30.13","2.46799807782796e-188","","",""
"","","Primary","126513","55361","25.7","23.46","","","",""
"","","Secondary","184513","87698","37.48","37.16","","","",""
"","","Higher","47701","21830","9.69","9.25","","","",""
"BCG","Mother's Marital Status","Not married","20186","5724","3.99","2.51","1.08017851301353e-223","","",""
"","","Married/Living together","462605","210967","91.52","92.69","","","",""
"","","Widowed/Divorced/Not living together","22661","10906","4.48","4.79","","","",""
"BCG","Husband's Education","None","86741","37906","25.9","29.35","9.08682696316281e-148","","",""
"","","Primary","87957","33454","26.26","25.91","","","",""
"","","Secondary","124674","43930","37.22","34.02","","","",""
"","","Higher","35587","13848","10.62","10.72","","","",""
"BCG","Husband's Occupation","No work","14208","8290","4.18","6.43","0","","",""
"","","Prof/Manager/Clerical/Sales","76353","27589","22.48","21.41","","","",""
"","","Agricultural","122138","45590","35.96","35.38","","","",""
"","","Household/Services","42629","19824","12.55","15.39","","","",""
"","","Manual work","84291","27553","24.82","21.38","","","",""
"DTP-D1","Sex at birth","Male","253615","125578","51","50.97","0.792688104910006","","",""
"","","Female","243683","120818","49","49.03","","","",""
"DTP-D1","Health Card","No card","55567","742","11.18","22.94","0","*","**",""
"","","Yes - Seen","334542","314","67.33","9.71","","*","**","***"
"","","Yes - Not Seen","66688","1374","13.42","42.49","","*","**","***"
"","","Lost","39217","784","7.89","24.24","","*","**",""
"","","Other","835","20","0.17","0.62","","","",""
"DTP-D1","Urban/Rural","Urban","150287","73260","30.22","29.73","1.5731103562746e-05","","",""
"","","Rural","347011","173136","69.78","70.27","","","",""
"DTP-D1","Residence","City","1289","119","16.73","14.1","0.0672933206362505","","",""
"","","Town","2232","269","28.97","31.87","","","",""
"","","Countryside","4184","456","54.3","54.03","","","",""
"DTP-D1","Wealth Quintile","Poorest","129305","65023","26","26.39","0.00369271270060445","","",""
"","","Poor","110456","54607","22.21","22.16","","","",""
"","","Middle","98074","48469","19.72","19.67","","","",""
"","","Rich","86913","42873","17.48","17.4","","","",""
"","","Richest","72550","35424","14.59","14.38","","","",""
"DTP-D1","Mother's Education","None","130062","74600","26.98","30.29","2.66915800738814e-215","","",""
"","","Primary","123877","57997","25.7","23.55","","","",""
"","","Secondary","181276","90935","37.61","36.92","","","",""
"","","Higher","46784","22747","9.71","9.24","","","",""
"DTP-D1","Mother's Marital Status","Not married","19970","5940","4.02","2.52","1.37517511290199e-239","","",""
"","","Married/Living together","455261","218311","91.55","92.6","","","",""
"","","Widowed/Divorced/Not living together","22067","11500","4.44","4.88","","","",""
"DTP-D1","Husband's Education","None","85490","39157","26.08","28.74","1.03158232992985e-115","","",""
"","","Primary","85618","35793","26.12","26.27","","","",""
"","","Secondary","122165","46439","37.26","34.08","","","",""
"","","Higher","34562","14873","10.54","10.92","","","",""
"DTP-D1","Husband's Occupation","No work","13844","8654","4.16","6.37","0","","",""
"","","Prof/Manager/Clerical/Sales","74501","29441","22.4","21.68","","","",""
"","","Agricultural","120293","47435","36.16","34.93","","","",""
"","","Household/Services","42019","20434","12.63","15.05","","","",""
"","","Manual work","82000","29844","24.65","21.98","","","",""
"DTP-D2","Sex at birth","Male","253220","125973","51","50.96","0.729175411086103","","",""
"","","Female","243270","121231","49","49.04","","","",""
"DTP-D2","Health Card","No card","55510","799","11.19","19.78","0","*","",""
"","","Yes - Seen","334256","600","67.38","14.86","","*","**","***"
"","","Yes - Not Seen","66287","1775","13.36","43.95","","*","**","***"
"","","Lost","39157","844","7.89","20.9","","*","**",""
"","","Other","834","21","0.17","0.52","","","",""
"DTP-D2","Urban/Rural","Urban","149892","73655","30.19","29.8","0.000468850615096951","","",""
"","","Rural","346598","173549","69.81","70.2","","","",""
"DTP-D2","Residence","City","1260","148","16.55","15.8","0.191230807348312","","",""
"","","Town","2203","298","28.94","31.8","","","",""
"","","Countryside","4149","491","54.51","52.4","","","",""
"DTP-D2","Wealth Quintile","Poorest","129064","65264","26","26.4","0.00219297376547309","","",""
"","","Poor","110251","54812","22.21","22.17","","","",""
"","","Middle","97943","48600","19.73","19.66","","","",""
"","","Rich","86802","42984","17.48","17.39","","","",""
"","","Richest","72430","35544","14.59","14.38","","","",""
"DTP-D2","Mother's Education","None","129963","74699","27.01","30.23","7.50549467117678e-206","","",""
"","","Primary","123636","58238","25.69","23.57","","","",""
"","","Secondary","180949","91262","37.6","36.94","","","",""
"","","Higher","46658","22873","9.7","9.26","","","",""
"DTP-D2","Mother's Marital Status","Not married","19951","5959","4.02","2.52","5.86869184684376e-243","","",""
"","","Married/Living together","454561","219011","91.55","92.58","","","",""
"","","Widowed/Divorced/Not living together","21978","11589","4.43","4.9","","","",""
"DTP-D2","Husband's Education","None","85445","39202","26.12","28.63","8.5711323279991e-108","","",""
"","","Primary","85407","36004","26.1","26.3","","","",""
"","","Secondary","121859","46745","37.24","34.14","","","",""
"","","Higher","34473","14962","10.54","10.93","","","",""
"DTP-D2","Husband's Occupation","No work","13842","8656","4.17","6.35","0","","",""
"","","Prof/Manager/Clerical/Sales","74390","29552","22.39","21.69","","","",""
"","","Agricultural","120201","47527","36.18","34.88","","","",""
"","","Household/Services","41954","20499","12.63","15.04","","","",""
"","","Manual work","81814","30030","24.63","22.04","","","",""
"DTP-D3","Sex at birth","Male","253057","126136","51","50.96","0.74950130267537","","",""
"","","Female","243124","121377","49","49.04","","","",""
"DTP-D3","Health Card","No card","55510","799","11.2","18.38","0","*","",""
"","","Yes - Seen","333970","886","67.37","20.38","","*","**","***"
"","","Yes - Not Seen","66265","1797","13.37","41.33","","*","**","***"
"","","Lost","39157","844","7.9","19.41","","*","**",""
"","","Other","833","22","0.17","0.51","","","",""
"DTP-D3","Urban/Rural","Urban","149733","73814","30.18","29.82","0.00167795061182947","","",""
"","","Rural","346448","173699","69.82","70.18","","","",""
"DTP-D3","Residence","City","1260","148","16.55","15.8","0.191230807348312","","",""
"","","Town","2203","298","28.94","31.8","","","",""
"","","Countryside","4149","491","54.51","52.4","","","",""
"DTP-D3","Wealth Quintile","Poorest","128949","65379","25.99","26.41","0.00115459859814827","","",""
"","","Poor","110191","54872","22.21","22.17","","","",""
"","","Middle","97895","48648","19.73","19.65","","","",""
"","","Rich","86756","43030","17.48","17.38","","","",""
"","","Richest","72390","35584","14.59","14.38","","","",""
"DTP-D3","Mother's Education","None","129954","74708","27.02","30.2","1.80236707545317e-200","","",""
"","","Primary","123544","58330","25.69","23.58","","","",""
"","","Secondary","180803","91408","37.6","36.95","","","",""
"","","Higher","46596","22935","9.69","9.27","","","",""
"DTP-D3","Mother's Marital Status","Not married","19941","5969","4.02","2.52","3.8226630019113e-244","","",""
"","","Married/Living together","454305","219267","91.56","92.57","","","",""
"","","Widowed/Divorced/Not living together","21935","11632","4.42","4.91","","","",""
"DTP-D3","Husband's Education","None","85433","39214","26.13","28.58","2.5797992655854e-105","","",""
"","","Primary","85307","36104","26.1","26.32","","","",""
"","","Secondary","121748","46856","37.24","34.15","","","",""
"","","Higher","34417","15018","10.53","10.95","","","",""
"DTP-D3","Husband's Occupation","No work","13837","8661","4.17","6.34","0","","",""
"","","Prof/Manager/Clerical/Sales","74324","29618","22.39","21.69","","","",""
"","","Agricultural","120161","47567","36.2","34.83","","","",""
"","","Household/Services","41918","20535","12.63","15.04","","","",""
"","","Manual work","81672","30172","24.61","22.1","","","",""
"OPV-BD","Sex at birth","Male","220280","158913","50.94","51.05","0.366251673415516","","",""
"","","Female","212123","152378","49.06","48.95","","","",""
"OPV-BD","Health Card","No card","51942","4367","12.02","6.41","0","*","",""
"","","Yes - Seen","284631","50225","65.89","73.72","","*","",""
"","","Yes - Not Seen","58004","10058","13.43","14.76","","","",""
"","","Lost","36539","3462","8.46","5.08","","","",""
"","","Other","837","18","0.19","0.03","","","",""
"OPV-BD","Urban/Rural","Urban","122090","101457","28.24","32.59","0","","",""
"","","Rural","310313","209834","71.76","67.41","","","",""
"OPV-BD","Residence","City","115","1293","13.55","16.79","0.0296753478827024","","",""
"","","Town","244","2257","28.74","29.31","","","",""
"","","Countryside","490","4150","57.71","53.9","","","",""
"OPV-BD","Wealth Quintile","Poorest","109769","84559","25.39","27.16","2.04596222422072e-93","","",""
"","","Poor","95378","69685","22.06","22.39","","","",""
"","","Middle","86009","60534","19.89","19.45","","","",""
"","","Rich","76390","53396","17.67","17.15","","","",""
"","","Richest","64857","43117","15","13.85","","","",""
"OPV-BD","Mother's Education","None","125266","79396","30.03","25.51","0","","",""
"","","Primary","98714","83160","23.67","26.72","","","",""
"","","Secondary","155885","116326","37.37","37.38","","","",""
"","","Higher","37221","32310","8.92","10.38","","","",""
"OPV-BD","Mother's Marital Status","Not married","17870","8040","4.13","2.67","0","","",""
"","","Married/Living together","397364","276208","91.9","91.87","","","",""
"","","Widowed/Divorced/Not living together","17169","16398","3.97","5.45","","","",""
"OPV-BD","Husband's Education","None","81061","43586","30.48","22","0","*","",""
"","","Primary","61851","59560","23.25","30.06","","*","",""
"","","Secondary","95991","72613","36.09","36.65","","","",""
"","","Higher","27085","22350","10.18","11.28","","","",""
"OPV-BD","Husband's Occupation","No work","12018","10480","4.28","5.59","0","","",""
"","","Prof/Manager/Clerical/Sales","64292","39650","22.87","21.16","","","",""
"","","Agricultural","104944","62784","37.34","33.5","","","",""
"","","Household/Services","36513","25940","12.99","13.84","","","",""
"","","Manual work","63298","48546","22.52","25.91","","","",""
"OPV-D1","Sex at birth","Male","254243","124950","51","50.96","0.758385756424605","","",""
"","","Female","244269","120232","49","49.04","","","",""
"OPV-D1","Health Card","No card","55916","393","11.23","19.39","0","*","",""
"","","Yes - Seen","334847","9","67.23","0.44","","*","**","***"
"","","Yes - Not Seen","66902","1160","13.43","57.23","","*","**","***"
"","","Lost","39546","455","7.94","22.45","","*","**",""
"","","Other","845","10","0.17","0.49","","","",""
"OPV-D1","Urban/Rural","Urban","150750","72797","30.24","29.69","1.22677801372713e-06","","",""
"","","Rural","347762","172385","69.76","70.31","","","",""
"OPV-D1","Residence","City","1313","95","16.64","14.46","0.0839986757914242","","",""
"","","Town","2286","215","28.97","32.72","","","",""
"","","Countryside","4293","347","54.4","52.82","","","",""
"OPV-D1","Wealth Quintile","Poorest","129842","64486","26.05","26.3","0.21297402763673","","",""
"","","Poor","110774","54289","22.22","22.14","","","",""
"","","Middle","98299","48244","19.72","19.68","","","",""
"","","Rich","87071","42715","17.47","17.42","","","",""
"","","Richest","72526","35448","14.55","14.46","","","",""
"OPV-D1","Mother's Education","None","130430","74232","26.99","30.29","7.9695776646646e-217","","",""
"","","Primary","124259","57615","25.72","23.51","","","",""
"","","Secondary","181602","90609","37.58","36.97","","","",""
"","","Higher","46916","22615","9.71","9.23","","","",""
"OPV-D1","Mother's Marital Status","Not married","20087","5823","4.03","2.48","4.65301257929665e-252","","",""
"","","Married/Living together","456232","217340","91.52","92.67","","","",""
"","","Widowed/Divorced/Not living together","22193","11374","4.45","4.85","","","",""
"OPV-D1","Husband's Education","None","85740","38907","26.09","28.73","1.02217525748798e-110","","",""
"","","Primary","85948","35463","26.15","26.19","","","",""
"","","Secondary","122351","46253","37.23","34.15","","","",""
"","","Higher","34635","14800","10.54","10.93","","","",""
"OPV-D1","Husband's Occupation","No work","13859","8639","4.16","6.39","0","","",""
"","","Prof/Manager/Clerical/Sales","74553","29389","22.37","21.75","","","",""
"","","Agricultural","120571","47157","36.17","34.89","","","",""
"","","Household/Services","42047","20406","12.61","15.1","","","",""
"","","Manual work","82291","29553","24.69","21.87","","","",""
"OPV-D2","Sex at birth","Male","253480","125713","51","50.96","0.702921561617892","","",""
"","","Female","243506","120995","49","49.04","","","",""
"OPV-D2","Health Card","No card","55470","839","11.17","23.63","0","*","**",""
"","","Yes - Seen","334840","16","67.44","0.45","","*","**","***"
"","","Yes - Not Seen","66137","1925","13.32","54.23","","*","**","***"
"","","Lost","39241","760","7.9","21.41","","*","**",""
"","","Other","845","10","0.17","0.28","","","",""
"OPV-D2","Urban/Rural","Urban","150403","73144","30.26","29.65","5.22048404912326e-08","","",""
"","","Rural","346583","173564","69.74","70.35","","","",""
"OPV-D2","Residence","City","1316","92","16.65","14.29","0.0541019025700268","","",""
"","","Town","2288","213","28.94","33.07","","","",""
"","","Countryside","4301","339","54.41","52.64","","","",""
"OPV-D2","Wealth Quintile","Poorest","129472","64856","26.05","26.29","0.247667692453986","","",""
"","","Poor","110441","54622","22.22","22.14","","","",""
"","","Middle","97963","48580","19.71","19.69","","","",""
"","","Rich","86782","43004","17.46","17.43","","","",""
"","","Richest","72328","35646","14.55","14.45","","","",""
"OPV-D2","Mother's Education","None","129723","74939","26.93","30.39","1.69197614874738e-232","","",""
"","","Primary","123794","58080","25.7","23.56","","","",""
"","","Secondary","181313","90898","37.64","36.87","","","",""
"","","Higher","46887","22644","9.73","9.18","","","",""
"OPV-D2","Mother's Marital Status","Not married","20065","5845","4.04","2.48","7.79253476614559e-259","","",""
"","","Married/Living together","454839","218733","91.52","92.66","","","",""
"","","Widowed/Divorced/Not living together","22082","11485","4.44","4.87","","","",""
"OPV-D2","Husband's Education","None","85143","39504","26.02","28.87","9.58171699291596e-121","","",""
"","","Primary","85648","35763","26.17","26.14","","","",""
"","","Secondary","121899","46705","37.25","34.13","","","",""
"","","Higher","34568","14867","10.56","10.86","","","",""
"OPV-D2","Husband's Occupation","No work","13847","8651","4.17","6.34","0","","",""
"","","Prof/Manager/Clerical/Sales","74263","29679","22.37","21.74","","","",""
"","","Agricultural","119792","47936","36.09","35.11","","","",""
"","","Household/Services","41958","20495","12.64","15.01","","","",""
"","","Manual work","82069","29775","24.72","21.81","","","",""
"OPV-D3","Sex at birth","Male","253373","125820","51","50.96","0.71017589924655","","",""
"","","Female","243407","121094","49","49.04","","","",""
"OPV-D3","Health Card","No card","55457","852","11.17","22.68","0","*","**",""
"","","Yes - Seen","334824","32","67.46","0.85","","*","**","***"
"","","Yes - Not Seen","65990","2072","13.3","55.17","","*","**","***"
"","","Lost","39212","789","7.9","21.01","","*","**",""
"","","Other","844","11","0.17","0.29","","","",""
"OPV-D3","Urban/Rural","Urban","150282","73265","30.25","29.67","2.97178992784947e-07","","",""
"","","Rural","346498","173649","69.75","70.33","","","",""
"OPV-D3","Residence","City","1297","111","16.63","14.78","0.0680404477200439","","",""
"","","Town","2255","246","28.92","32.76","","","",""
"","","Countryside","4246","394","54.45","52.46","","","",""
"OPV-D3","Wealth Quintile","Poorest","129413","64915","26.05","26.29","0.23579633982447","","",""
"","","Poor","110387","54676","22.22","22.14","","","",""
"","","Middle","97924","48619","19.71","19.69","","","",""
"","","Rich","86753","43033","17.46","17.43","","","",""
"","","Richest","72303","35671","14.55","14.45","","","",""
"OPV-D3","Mother's Education","None","129708","74954","26.94","30.37","2.16637815184254e-229","","",""
"","","Primary","123746","58128","25.7","23.56","","","",""
"","","Secondary","181218","90993","37.64","36.87","","","",""
"","","Higher","46839","22692","9.73","9.2","","","",""
"OPV-D3","Mother's Marital Status","Not married","20055","5855","4.04","2.48","2.07332093466228e-258","","",""
"","","Married/Living together","454659","218913","91.52","92.65","","","",""
"","","Widowed/Divorced/Not living together","22066","11501","4.44","4.87","","","",""
"OPV-D3","Husband's Education","None","85136","39511","26.03","28.83","9.20705234070784e-117","","",""
"","","Primary","85607","35804","26.17","26.13","","","",""
"","","Secondary","121778","46826","37.23","34.17","","","",""
"","","Higher","34545","14890","10.56","10.87","","","",""
"OPV-D3","Husband's Occupation","No work","13844","8654","4.17","6.34","0","","",""
"","","Prof/Manager/Clerical/Sales","74260","29682","22.37","21.74","","","",""
"","","Agricultural","119788","47940","36.09","35.11","","","",""
"","","Household/Services","41954","20499","12.64","15.01","","","",""
"","","Manual work","82063","29781","24.72","21.81","","","",""
"IPV-D1","Sex at birth","Male","62683","316510","50.97","50.99","0.914559905284096","","",""
"","","Female","60289","304212","49.03","49.01","","","",""
"IPV-D1","Health Card","No card","16609","39700","13.51","10.53","0","","",""
"","","Yes - Seen","79254","255602","64.45","67.78","","","",""
"","","Yes - Not Seen","8723","59339","7.09","15.74","","*","",""
"","","Lost","17550","22451","14.27","5.95","","*","",""
"","","Other","835","20","0.68","0.01","","","",""
"IPV-D1","Urban/Rural","Urban","40596","182951","33.01","29.47","6.41821883297048e-135","","",""
"","","Rural","82376","437771","66.99","70.53","","","",""
"IPV-D1","Residence","City","0","1408","NaN","16.47","NaN",NA,NA,NA
"","","Town","0","2501","NaN","29.25","",NA,NA,NA
"","","Countryside","0","4640","NaN","54.28","",NA,NA,NA
"IPV-D1","Wealth Quintile","Poorest","32790","161538","26.66","26.02","5.340431190444e-13","","",""
"","","Poor","26324","138739","21.41","22.35","","","",""
"","","Middle","24305","122238","19.76","19.69","","","",""
"","","Rich","21408","108378","17.41","17.46","","","",""
"","","Richest","18145","89829","14.76","14.47","","","",""
"IPV-D1","Mother's Education","None","44401","160261","36.11","26.48","0","*","",""
"","","Primary","34254","147620","27.86","24.39","","","",""
"","","Secondary","34717","237494","28.23","39.24","","*","**",""
"","","Higher","9600","59931","7.81","9.9","","","",""
"IPV-D1","Mother's Marital Status","Not married","7189","18721","5.85","3.07","0","","",""
"","","Married/Living together","110083","563489","89.52","92.36","","","",""
"","","Widowed/Divorced/Not living together","5700","27867","4.64","4.57","","","",""
"IPV-D1","Husband's Education","None","36543","88104","35.43","24.41","0","*","**",""
"","","Primary","24419","96992","23.67","26.87","","","",""
"","","Secondary","29608","138996","28.71","38.51","","*","",""
"","","Higher","12575","36860","12.19","10.21","","","",""
"IPV-D1","Husband's Occupation","No work","6600","15898","6.31","4.37","0","","",""
"","","Prof/Manager/Clerical/Sales","26507","77435","25.35","21.28","","","",""
"","","Agricultural","35738","131990","34.18","36.27","","","",""
"","","Household/Services","8804","53649","8.42","14.74","","*","",""
"","","Manual work","26895","84949","25.73","23.34","","","",""
"IPV-D2","Sex at birth","Male","5142","374051","52.17","50.97","0.0190030048537857","","",""
"","","Female","4715","359786","47.83","49.03","","","",""
"IPV-D2","Health Card","No card","1126","55183","11.42","11.26","1.74435073745114e-15","","",""
"","","Yes - Seen","6563","328293","66.58","66.97","","","",""
"","","Yes - Not Seen","1199","66863","12.16","13.64","","","",""
"","","Lost","969","39032","9.83","7.96","","","",""
"","","Other","0","855","0","0.17","","","",""
"IPV-D2","Urban/Rural","Urban","3480","220067","35.3","29.99","3.17805841014114e-30","*","",""
"","","Rural","6377","513770","64.7","70.01","","*","",""
"IPV-D2","Residence","City","0","1408","NaN","16.47","NaN",NA,NA,NA
"","","Town","0","2501","NaN","29.25","",NA,NA,NA
"","","Countryside","0","4640","NaN","54.28","",NA,NA,NA
"IPV-D2","Wealth Quintile","Poorest","2756","191572","27.96","26.11","2.91433906210697e-12","","",""
"","","Poor","2122","162941","21.53","22.2","","","",""
"","","Middle","1753","144790","17.78","19.73","","","",""
"","","Rich","1623","128163","16.47","17.46","","","",""
"","","Richest","1603","106371","16.26","14.5","","","",""
"IPV-D2","Mother's Education","None","392","204270","3.98","28.43","0","*","**","***"
"","","Primary","2060","179814","20.9","25.03","","","",""
"","","Secondary","4828","267383","48.98","37.22","","*","**",""
"","","Higher","2577","66954","26.14","9.32","","*","**",""
"IPV-D2","Mother's Marital Status","Not married","206","25704","2.09","3.55","1.66196732367371e-56","","",""
"","","Married/Living together","9481","664091","96.19","91.83","","","",""
"","","Widowed/Divorced/Not living together","170","33397","1.72","4.62","","","",""
"IPV-D2","Husband's Education","None","783","123864","8.27","27.25","0","*","**",""
"","","Primary","2312","119099","24.42","26.2","","","",""
"","","Secondary","3913","164691","41.33","36.23","","*","",""
"","","Higher","2460","46975","25.98","10.33","","*","**",""
"IPV-D2","Husband's Occupation","No work","303","22195","3.19","4.84","0","","",""
"","","Prof/Manager/Clerical/Sales","2295","101647","24.18","22.15","","","",""
"","","Agricultural","2127","165601","22.41","36.08","","*","**",""
"","","Household/Services","1000","61453","10.53","13.39","","","",""
"","","Manual work","3768","108076","39.69","23.55","","*","**",""
"MCV-D1","Sex at birth","Male","238350","140843","50.96","51.04","0.521245674526007","","",""
"","","Female","229378","135123","49.04","48.96","","","",""
"MCV-D1","Health Card","No card","55566","743","11.89","2.26","0","*","",""
"","","Yes - Seen","305533","29323","65.39","89.38","","*","**","***"
"","","Yes - Not Seen","66312","1750","14.19","5.33","","*","",""
"","","Lost","39028","973","8.35","2.97","","*","",""
"","","Other","837","18","0.18","0.05","","","",""
"MCV-D1","Urban/Rural","Urban","144162","79385","30.82","28.77","8.05360159402865e-78","","",""
"","","Rural","323566","196581","69.18","71.23","","","",""
"MCV-D1","Residence","City","1306","102","16.61","14.91","0.111821384718985","","",""
"","","Town","2278","223","28.96","32.6","","","",""
"","","Countryside","4281","359","54.43","52.49","","","",""
"MCV-D1","Wealth Quintile","Poorest","121864","72464","26.05","26.26","0.00338022065286191","","",""
"","","Poor","103528","61535","22.13","22.3","","","",""
"","","Middle","92135","54408","19.7","19.72","","","",""
"","","Rich","81793","47993","17.49","17.39","","","",""
"","","Richest","68408","39566","14.63","14.34","","","",""
"MCV-D1","Mother's Education","None","125010","79652","27.63","28.88","0","","",""
"","","Primary","120350","61524","26.6","22.3","","","",""
"","","Secondary","165113","107098","36.49","38.83","","","",""
"","","Higher","41966","27565","9.28","9.99","","","",""
"MCV-D1","Mother's Marital Status","Not married","19859","6051","4.25","2.28","0","","",""
"","","Married/Living together","426236","247336","91.13","93.22","","","",""
"","","Widowed/Divorced/Not living together","21633","11934","4.63","4.5","","","",""
"MCV-D1","Husband's Education","None","84805","39842","26.27","28.2","3.74368964437869e-73","","",""
"","","Primary","84873","36538","26.29","25.86","","","",""
"","","Secondary","119517","49087","37.02","34.75","","","",""
"","","Higher","33626","15809","10.42","11.19","","","",""
"MCV-D1","Husband's Occupation","No work","13822","8676","4.22","6.15","0","","",""
"","","Prof/Manager/Clerical/Sales","73789","30153","22.54","21.36","","","",""
"","","Agricultural","119322","48406","36.45","34.3","","","",""
"","","Household/Services","39170","23283","11.97","16.5","","","",""
"","","Manual work","81222","30622","24.81","21.7","","","",""
"MCV-D2","Sex at birth","Male","146008","233185","51.27","50.81","0.000114042338273182","","",""
"","","Female","138764","225737","48.73","49.19","","","",""
"MCV-D2","Health Card","No card","20575","35734","7.23","16.6","0","*","",""
"","","Yes - Seen","215097","119759","75.53","55.62","","*","**",""
"","","Yes - Not Seen","26789","41273","9.41","19.17","","*","",""
"","","Lost","21477","18524","7.54","8.6","","","",""
"","","Other","831","24","0.29","0.01","","","",""
"MCV-D2","Urban/Rural","Urban","79986","143561","28.09","31.28","1.7659993258692e-187","","",""
"","","Rural","204786","315361","71.91","68.72","","","",""
"MCV-D2","Residence","City","105","1303","12.93","16.84","0.00953341323922625","","",""
"","","Town","235","2266","28.94","29.29","","","",""
"","","Countryside","472","4168","58.13","53.87","","","",""
"MCV-D2","Wealth Quintile","Poorest","74241","120087","26.07","26.17","0.0169752570004534","","",""
"","","Poor","63673","101390","22.36","22.09","","","",""
"","","Middle","56292","90251","19.77","19.67","","","",""
"","","Rich","49328","80458","17.32","17.53","","","",""
"","","Richest","41238","66736","14.48","14.54","","","",""
"MCV-D2","Mother's Education","None","70094","134568","24.61","30.34","0","*","",""
"","","Primary","60031","121843","21.08","27.47","","*","",""
"","","Secondary","120125","152086","42.18","34.29","","*","",""
"","","Higher","34521","35010","12.12","7.89","","","",""
"MCV-D2","Mother's Marital Status","Not married","8491","17419","2.98","3.89","0","","",""
"","","Married/Living together","267781","405791","94.03","90.52","","","",""
"","","Widowed/Divorced/Not living together","8500","25067","2.98","5.59","","","",""
"MCV-D2","Husband's Education","None","36256","88391","23.68","28.42","0","","",""
"","","Primary","37486","83925","24.48","26.99","","","",""
"","","Secondary","59256","109348","38.7","35.16","","","",""
"","","Higher","20136","29299","13.15","9.42","","","",""
"MCV-D2","Husband's Occupation","No work","7587","14911","4.98","4.72","0","","",""
"","","Prof/Manager/Clerical/Sales","33713","70229","22.14","22.21","","","",""
"","","Agricultural","44571","123157","29.27","38.95","","*","",""
"","","Household/Services","24563","37890","16.13","11.98","","","",""
"","","Manual work","41848","69996","27.48","22.14","","*","",""
"HepB-BD","Sex at birth","Male","110889","268304","51.31","50.85","0.000306916060034819","","",""
"","","Female","105206","259295","48.69","49.15","","","",""
"HepB-BD","Health Card","No card","16732","39577","7.74","13.94","0","*","",""
"","","Yes - Seen","163984","170872","75.89","60.16","","*","**",""
"","","Yes - Not Seen","19885","48177","9.2","16.96","","*","",""
"","","Lost","15475","24526","7.16","8.64","","","",""
"","","Other","0","855","0","0.3","","","",""
"HepB-BD","Urban/Rural","Urban","57219","166328","26.48","31.53","0","*","",""
"","","Rural","158876","361271","73.52","68.47","","*","",""
"HepB-BD","Residence","City","0","1408","NaN","16.47","NaN",NA,NA,NA
"","","Town","0","2501","NaN","29.25","",NA,NA,NA
"","","Countryside","0","4640","NaN","54.28","",NA,NA,NA
"HepB-BD","Wealth Quintile","Poorest","56493","137835","26.14","26.12","3.31784379969851e-36","","",""
"","","Poor","49419","115644","22.87","21.92","","","",""
"","","Middle","43178","103365","19.98","19.59","","","",""
"","","Rich","36921","92865","17.09","17.6","","","",""
"","","Richest","30084","77890","13.92","14.76","","","",""
"HepB-BD","Mother's Education","None","52163","152499","24.14","29.77","0","*","",""
"","","Primary","37996","143878","17.58","28.09","","*","**",""
"","","Secondary","98670","173541","45.66","33.88","","*","**",""
"","","Higher","27265","42266","12.62","8.25","","","",""
"HepB-BD","Mother's Marital Status","Not married","3683","22227","1.7","4.3","0","","",""
"","","Married/Living together","207836","465736","96.18","90.09","","*","",""
"","","Widowed/Divorced/Not living together","4576","28991","2.12","5.61","","","",""
"HepB-BD","Husband's Education","None","24304","100343","25.54","27.2","0","","",""
"","","Primary","19148","102263","20.12","27.72","","*","",""
"","","Secondary","39018","129586","41","35.12","","*","",""
"","","Higher","12689","36746","13.33","9.96","","","",""
"HepB-BD","Husband's Occupation","No work","3597","18901","3.79","5.06","0","","",""
"","","Prof/Manager/Clerical/Sales","22030","81912","23.22","21.93","","","",""
"","","Agricultural","30967","136761","32.64","36.61","","","",""
"","","Household/Services","20254","42199","21.35","11.3","","*","**",""
"","","Manual work","18036","93808","19.01","25.11","","*","",""
"HepB-D1","Sex at birth","Male","178481","200712","51.07","50.92","0.208536250465313","","",""
"","","Female","171034","193467","48.93","49.08","","","",""
"HepB-D1","Health Card","No card","30421","25888","8.7","17.19","0","*","",""
"","","Yes - Seen","256573","78283","73.41","51.98","","*","**","***"
"","","Yes - Not Seen","30308","37754","8.67","25.07","","*","**",""
"","","Lost","31356","8645","8.97","5.74","","","",""
"","","Other","835","20","0.24","0.01","","","",""
"HepB-D1","Urban/Rural","Urban","102529","121018","29.33","30.7","1.17105146401375e-37","","",""
"","","Rural","246986","273161","70.67","69.3","","","",""
"HepB-D1","Residence","City","108","1300","13.27","16.81","0.0240283737392162","","",""
"","","Town","237","2264","29.12","29.27","","","",""
"","","Countryside","469","4171","57.62","53.92","","","",""
"HepB-D1","Wealth Quintile","Poorest","91147","103181","26.08","26.18","0.00533185228290003","","",""
"","","Poor","78046","87017","22.33","22.08","","","",""
"","","Middle","69179","77364","19.79","19.63","","","",""
"","","Rich","60657","69129","17.35","17.54","","","",""
"","","Richest","50486","57488","14.44","14.58","","","",""
"HepB-D1","Mother's Education","None","91544","113118","26.19","29.87","0","","",""
"","","Primary","82784","99090","23.69","26.16","","","",""
"","","Secondary","137917","134294","39.46","35.46","","","",""
"","","Higher","37269","32262","10.66","8.52","","","",""
"HepB-D1","Mother's Marital Status","Not married","13577","12333","3.88","3.22","0","","",""
"","","Married/Living together","323553","350019","92.57","91.26","","","",""
"","","Widowed/Divorced/Not living together","12385","21182","3.54","5.52","","","",""
"HepB-D1","Husband's Education","None","54691","69956","26.7","26.99","2.52544631885262e-128","","",""
"","","Primary","52824","68587","25.79","26.46","","","",""
"","","Secondary","73003","95601","35.64","36.88","","","",""
"","","Higher","24343","25092","11.88","9.68","","","",""
"HepB-D1","Husband's Occupation","No work","12393","10105","6.06","3.83","0","","",""
"","","Prof/Manager/Clerical/Sales","45728","58214","22.38","22.04","","","",""
"","","Agricultural","68182","99546","33.37","37.69","","","",""
"","","Household/Services","30475","31978","14.91","12.11","","","",""
"","","Manual work","47572","64272","23.28","24.33","","","",""
"HepB-D2","Sex at birth","Male","178414","200779","51.07","50.92","0.207161243340615","","",""
"","","Female","170968","193533","48.93","49.08","","","",""
"HepB-D2","Health Card","No card","30391","25918","8.7","17.2","0","*","",""
"","","Yes - Seen","256563","78293","73.44","51.94","","*","**","***"
"","","Yes - Not Seen","30218","37844","8.65","25.11","","*","**",""
"","","Lost","31354","8647","8.97","5.74","","","",""
"","","Other","834","21","0.24","0.01","","","",""
"HepB-D2","Urban/Rural","Urban","102452","121095","29.32","30.71","1.01893544213186e-38","","",""
"","","Rural","246930","273217","70.68","69.29","","","",""
"HepB-D2","Residence","City","108","1300","13.27","16.81","0.0240283737392162","","",""
"","","Town","237","2264","29.12","29.27","","","",""
"","","Countryside","469","4171","57.62","53.92","","","",""
"HepB-D2","Wealth Quintile","Poorest","91108","103220","26.08","26.18","0.00559481359539969","","",""
"","","Poor","78020","87043","22.33","22.07","","","",""
"","","Middle","69147","77396","19.79","19.63","","","",""
"","","Rich","60635","69151","17.35","17.54","","","",""
"","","Richest","50472","57502","14.45","14.58","","","",""
"HepB-D2","Mother's Education","None","91528","113134","26.2","29.86","0","","",""
"","","Primary","82754","99120","23.69","26.16","","","",""
"","","Secondary","137847","134364","39.45","35.46","","","",""
"","","Higher","37252","32279","10.66","8.52","","","",""
"HepB-D2","Mother's Marital Status","Not married","13577","12333","3.89","3.21","0","","",""
"","","Married/Living together","323420","350152","92.57","91.26","","","",""
"","","Widowed/Divorced/Not living together","12385","21182","3.54","5.52","","","",""
"HepB-D2","Husband's Education","None","54687","69960","26.71","26.97","6.26467666667209e-128","","",""
"","","Primary","52785","68626","25.78","26.46","","","",""
"","","Secondary","72935","95669","35.63","36.89","","","",""
"","","Higher","24322","25113","11.88","9.68","","","",""
"HepB-D2","Husband's Occupation","No work","12393","10105","6.07","3.83","0","","",""
"","","Prof/Manager/Clerical/Sales","45720","58222","22.38","22.04","","","",""
"","","Agricultural","68177","99551","33.37","37.69","","","",""
"","","Household/Services","30474","31979","14.91","12.11","","","",""
"","","Manual work","47566","64278","23.28","24.34","","","",""
"HepB-D3","Sex at birth","Male","178401","200792","51.06","50.92","0.211022483613696","","",""
"","","Female","170960","193541","48.94","49.08","","","",""
"HepB-D3","Health Card","No card","30390","25919","8.7","17.19","0","*","",""
"","","Yes - Seen","256547","78309","73.44","51.95","","*","**","***"
"","","Yes - Not Seen","30217","37845","8.65","25.11","","*","**",""
"","","Lost","31352","8649","8.97","5.74","","","",""
"","","Other","833","22","0.24","0.01","","","",""
"HepB-D3","Urban/Rural","Urban","102445","121102","29.32","30.71","9.72932229914061e-39","","",""
"","","Rural","246916","273231","70.68","69.29","","","",""
"HepB-D3","Residence","City","108","1300","13.27","16.81","0.0240283737392162","","",""
"","","Town","237","2264","29.12","29.27","","","",""
"","","Countryside","469","4171","57.62","53.92","","","",""
"HepB-D3","Wealth Quintile","Poorest","91102","103226","26.08","26.18","0.00516140913615792","","",""
"","","Poor","78018","87045","22.33","22.07","","","",""
"","","Middle","69145","77398","19.79","19.63","","","",""
"","","Rich","60631","69155","17.35","17.54","","","",""
"","","Richest","50465","57509","14.44","14.58","","","",""
"HepB-D3","Mother's Education","None","91527","113135","26.2","29.86","0","","",""
"","","Primary","82753","99121","23.69","26.16","","","",""
"","","Secondary","137833","134378","39.45","35.46","","","",""
"","","Higher","37247","32284","10.66","8.52","","","",""
"HepB-D3","Mother's Marital Status","Not married","13577","12333","3.89","3.21","0","","",""
"","","Married/Living together","323400","350172","92.57","91.26","","","",""
"","","Widowed/Divorced/Not living together","12384","21183","3.54","5.52","","","",""
"HepB-D3","Husband's Education","None","54687","69960","26.71","26.97","1.79626181605491e-127","","",""
"","","Primary","52785","68626","25.79","26.46","","","",""
"","","Secondary","72924","95680","35.62","36.89","","","",""
"","","Higher","24315","25120","11.88","9.68","","","",""
"HepB-D3","Husband's Occupation","No work","12390","10108","6.06","3.83","0","","",""
"","","Prof/Manager/Clerical/Sales","45718","58224","22.38","22.04","","","",""
"","","Agricultural","68174","99554","33.37","37.69","","","",""
"","","Household/Services","30467","31986","14.91","12.11","","","",""
"","","Manual work","47562","64282","23.28","24.34","","","",""
"Hib-D1","Sex at birth","Male","107338","271855","50.71","51.1","0.00257873604038895","","",""
"","","Female","104330","260171","49.29","48.9","","","",""
"Hib-D1","Health Card","No card","25252","31057","11.93","10.77","0","","",""
"","","Yes - Seen","140273","194583","66.28","67.46","","","",""
"","","Yes - Not Seen","17676","50386","8.35","17.47","","*","",""
"","","Lost","27610","12391","13.05","4.3","","*","",""
"","","Other","835","20","0.39","0.01","","","",""
"Hib-D1","Urban/Rural","Urban","73915","149632","34.92","28.12","0","*","",""
"","","Rural","137753","382394","65.08","71.88","","*","",""
"Hib-D1","Residence","City","108","1300","13.2","16.82","0.0199824794558256","","",""
"","","Town","238","2263","29.1","29.27","","","",""
"","","Countryside","472","4168","57.7","53.91","","","",""
"Hib-D1","Wealth Quintile","Poorest","54512","139816","25.75","26.28","8.64767381240433e-17","","",""
"","","Poor","46180","118883","21.82","22.35","","","",""
"","","Middle","42283","104260","19.98","19.6","","","",""
"","","Rich","37092","92694","17.52","17.42","","","",""
"","","Richest","31601","76373","14.93","14.36","","","",""
"Hib-D1","Mother's Education","None","64281","140381","30.37","27.17","0","","",""
"","","Primary","64409","117465","30.43","22.74","","*","",""
"","","Secondary","66254","205957","31.3","39.87","","*","",""
"","","Higher","16723","52808","7.9","10.22","","","",""
"Hib-D1","Mother's Marital Status","Not married","13364","12546","6.31","2.41","0","","",""
"","","Married/Living together","187496","486076","88.58","93.23","","","",""
"","","Widowed/Divorced/Not living together","10808","22759","5.11","4.37","","","",""
"Hib-D1","Husband's Education","None","50985","73662","28.51","25.82","2.66314776948936e-285","","",""
"","","Primary","48234","73177","26.97","25.65","","","",""
"","","Secondary","59285","109319","33.15","38.32","","*","",""
"","","Higher","20327","29108","11.37","10.2","","","",""
"Hib-D1","Husband's Occupation","No work","12391","10107","6.9","3.5","0","","",""
"","","Prof/Manager/Clerical/Sales","43040","60902","23.95","21.09","","","",""
"","","Agricultural","63071","104657","35.1","36.24","","","",""
"","","Household/Services","17351","45102","9.66","15.62","","*","",""
"","","Manual work","43853","67991","24.4","23.55","","","",""
"Hib-D2","Sex at birth","Male","107327","271866","50.71","51.1","0.00252129513755485","","",""
"","","Female","104322","260179","49.29","48.9","","","",""
"Hib-D2","Health Card","No card","25251","31058","11.93","10.77","0","","",""
"","","Yes - Seen","140263","194593","66.28","67.46","","","",""
"","","Yes - Not Seen","17671","50391","8.35","17.47","","*","",""
"","","Lost","27608","12393","13.05","4.3","","*","",""
"","","Other","834","21","0.39","0.01","","","",""
"Hib-D2","Urban/Rural","Urban","73907","149640","34.92","28.13","0","*","",""
"","","Rural","137742","382405","65.08","71.87","","*","",""
"Hib-D2","Residence","City","108","1300","13.2","16.82","0.0199824794558256","","",""
"","","Town","238","2263","29.1","29.27","","","",""
"","","Countryside","472","4168","57.7","53.91","","","",""
"Hib-D2","Wealth Quintile","Poorest","54508","139820","25.75","26.28","1.00896353307942e-16","","",""
"","","Poor","46177","118886","21.82","22.35","","","",""
"","","Middle","42280","104263","19.98","19.6","","","",""
"","","Rich","37089","92697","17.52","17.42","","","",""
"","","Richest","31595","76379","14.93","14.36","","","",""
"Hib-D2","Mother's Education","None","64279","140383","30.37","27.17","0","","",""
"","","Primary","64406","117468","30.43","22.74","","*","",""
"","","Secondary","66242","205969","31.3","39.87","","*","",""
"","","Higher","16721","52810","7.9","10.22","","","",""
"Hib-D2","Mother's Marital Status","Not married","13364","12546","6.31","2.41","0","","",""
"","","Married/Living together","187477","486095","88.58","93.23","","","",""
"","","Widowed/Divorced/Not living together","10808","22759","5.11","4.36","","","",""
"Hib-D2","Husband's Education","None","50984","73663","28.51","25.82","7.98889626691931e-286","","",""
"","","Primary","48232","73179","26.97","25.65","","","",""
"","","Secondary","59273","109331","33.15","38.32","","*","",""
"","","Higher","20324","29111","11.37","10.2","","","",""
"Hib-D2","Husband's Occupation","No work","12391","10107","6.9","3.5","0","","",""
"","","Prof/Manager/Clerical/Sales","43033","60909","23.95","21.09","","","",""
"","","Agricultural","63066","104662","35.1","36.24","","","",""
"","","Household/Services","17350","45103","9.66","15.62","","*","",""
"","","Manual work","43848","67996","24.4","23.55","","","",""
"Hib-D3","Sex at birth","Male","107316","271877","50.71","51.1","0.00242267206032834","","",""
"","","Female","104316","260185","49.29","48.9","","","",""
"Hib-D3","Health Card","No card","25251","31058","11.93","10.77","0","","",""
"","","Yes - Seen","140247","194609","66.28","67.46","","","",""
"","","Yes - Not Seen","17671","50391","8.35","17.47","","*","",""
"","","Lost","27608","12393","13.05","4.3","","*","",""
"","","Other","833","22","0.39","0.01","","","",""
"Hib-D3","Urban/Rural","Urban","73901","149646","34.92","28.13","0","*","",""
"","","Rural","137731","382416","65.08","71.87","","*","",""
"Hib-D3","Residence","City","108","1300","13.2","16.82","0.0199824794558256","","",""
"","","Town","238","2263","29.1","29.27","","","",""
"","","Countryside","472","4168","57.7","53.91","","","",""
"Hib-D3","Wealth Quintile","Poorest","54505","139823","25.75","26.28","1.23586772863854e-16","","",""
"","","Poor","46175","118888","21.82","22.34","","","",""
"","","Middle","42279","104264","19.98","19.6","","","",""
"","","Rich","37085","92701","17.52","17.42","","","",""
"","","Richest","31588","76386","14.93","14.36","","","",""
"Hib-D3","Mother's Education","None","64278","140384","30.37","27.17","0","","",""
"","","Primary","64405","117469","30.43","22.74","","*","",""
"","","Secondary","66230","205981","31.3","39.87","","*","",""
"","","Higher","16718","52813","7.9","10.22","","","",""
"Hib-D3","Mother's Marital Status","Not married","13364","12546","6.31","2.41","0","","",""
"","","Married/Living together","187460","486112","88.58","93.23","","","",""
"","","Widowed/Divorced/Not living together","10808","22759","5.11","4.36","","","",""
"Hib-D3","Husband's Education","None","50984","73663","28.51","25.82","3.24628994266115e-286","","",""
"","","Primary","48232","73179","26.98","25.65","","","",""
"","","Secondary","59263","109341","33.15","38.33","","*","",""
"","","Higher","20319","29116","11.36","10.21","","","",""
"Hib-D3","Husband's Occupation","No work","12388","10110","6.89","3.5","0","","",""
"","","Prof/Manager/Clerical/Sales","43031","60911","23.95","21.09","","","",""
"","","Agricultural","63065","104663","35.1","36.24","","","",""
"","","Household/Services","17343","45110","9.65","15.62","","*","",""
"","","Manual work","43845","67999","24.4","23.55","","","",""
"PCV-D1","Sex at birth","Male","105043","274150","50.85","51.04","0.128964893289177","","",""
"","","Female","101549","262952","49.15","48.96","","","",""
"PCV-D1","Health Card","No card","22046","34263","10.67","11.67","0","","",""
"","","Yes - Seen","143600","191256","69.51","65.16","","","",""
"","","Yes - Not Seen","14768","53294","7.15","18.16","","*","**",""
"","","Lost","25339","14662","12.27","5","","*","",""
"","","Other","834","21","0.4","0.01","","","",""
"PCV-D1","Urban/Rural","Urban","69755","153792","33.76","28.63","0","*","",""
"","","Rural","136837","383310","66.24","71.37","","*","",""
"PCV-D1","Residence","City","107","1301","13.23","16.81","0.0214849843935228","","",""
"","","Town","235","2266","29.05","29.28","","","",""
"","","Countryside","467","4173","57.73","53.91","","","",""
"PCV-D1","Wealth Quintile","Poorest","54004","140324","26.14","26.13","0.000533466575072138","","",""
"","","Poor","45241","119822","21.9","22.31","","","",""
"","","Middle","41006","105537","19.85","19.65","","","",""
"","","Rich","36004","93782","17.43","17.46","","","",""
"","","Richest","30337","77637","14.68","14.45","","","",""
"PCV-D1","Mother's Education","None","63791","140871","30.88","27","0","","",""
"","","Primary","72613","109261","35.15","20.94","","*","**",""
"","","Secondary","58047","214164","28.1","41.05","","*","**",""
"","","Higher","12140","57391","5.88","11","","*","",""
"PCV-D1","Mother's Marital Status","Not married","14296","11614","6.92","2.21","0","","",""
"","","Married/Living together","179535","494037","86.9","93.84","","*","",""
"","","Widowed/Divorced/Not living together","12761","20806","6.18","3.95","","","",""
"PCV-D1","Husband's Education","None","50039","74608","28.8","25.7","0","","",""
"","","Primary","55747","65664","32.08","22.62","","*","",""
"","","Secondary","51506","117098","29.64","40.33","","*","**",""
"","","Higher","16472","32963","9.48","11.35","","","",""
"PCV-D1","Husband's Occupation","No work","9805","12693","5.65","4.3","0","","",""
"","","Prof/Manager/Clerical/Sales","38300","65642","22.08","22.25","","","",""
"","","Agricultural","65938","101790","38.01","34.5","","","",""
"","","Household/Services","14366","48087","8.28","16.3","","*","",""
"","","Manual work","45046","66798","25.97","22.64","","","",""
"PCV-D2","Sex at birth","Male","104928","274265","50.85","51.04","0.141562297188641","","",""
"","","Female","101420","263081","49.15","48.96","","","",""
"PCV-D2","Health Card","No card","22016","34293","10.67","11.67","0","","",""
"","","Yes - Seen","143600","191256","69.59","65.11","","","",""
"","","Yes - Not Seen","14600","53462","7.08","18.2","","*","**",""
"","","Lost","25293","14708","12.26","5.01","","*","",""
"","","Other","834","21","0.4","0.01","","","",""
"PCV-D2","Urban/Rural","Urban","69623","153924","33.74","28.65","0","*","",""
"","","Rural","136725","383422","66.26","71.35","","*","",""
"PCV-D2","Residence","City","107","1301","13.23","16.81","0.0214849843935228","","",""
"","","Town","235","2266","29.05","29.28","","","",""
"","","Countryside","467","4173","57.73","53.91","","","",""
"PCV-D2","Wealth Quintile","Poorest","53943","140385","26.14","26.13","0.000483117317091327","","",""
"","","Poor","45182","119881","21.9","22.31","","","",""
"","","Middle","40954","105589","19.85","19.65","","","",""
"","","Rich","35964","93822","17.43","17.46","","","",""
"","","Richest","30305","77669","14.69","14.45","","","",""
"PCV-D2","Mother's Education","None","63756","140906","30.9","27","0","","",""
"","","Primary","72540","109334","35.15","20.95","","*","**",""
"","","Secondary","57939","214272","28.08","41.05","","*","**",""
"","","Higher","12112","57419","5.87","11","","*","",""
"PCV-D2","Mother's Marital Status","Not married","14278","11632","6.92","2.21","0","","",""
"","","Married/Living together","179326","494246","86.9","93.84","","*","",""
"","","Widowed/Divorced/Not living together","12744","20823","6.18","3.95","","","",""
"PCV-D2","Husband's Education","None","50029","74618","28.83","25.68","0","","",""
"","","Primary","55682","65729","32.08","22.62","","*","",""
"","","Secondary","51397","117207","29.62","40.34","","*","**",""
"","","Higher","16438","32997","9.47","11.36","","","",""
"PCV-D2","Husband's Occupation","No work","9802","12696","5.65","4.3","0","","",""
"","","Prof/Manager/Clerical/Sales","38284","65658","22.08","22.25","","","",""
"","","Agricultural","65911","101817","38.02","34.5","","","",""
"","","Household/Services","14359","48094","8.28","16.3","","*","",""
"","","Manual work","45011","66833","25.96","22.65","","","",""
"PCV-D3","Sex at birth","Male","100343","278850","50.82","51.05","0.0794529647098239","","",""
"","","Female","97111","267390","49.18","48.95","","","",""
"PCV-D3","Health Card","No card","21687","34622","10.98","11.44","0","","",""
"","","Yes - Seen","136309","198547","69.03","65.61","","","",""
"","","Yes - Not Seen","13523","54539","6.85","18.02","","*","**",""
"","","Lost","25100","14901","12.71","4.92","","*","",""
"","","Other","832","23","0.42","0.01","","","",""
"PCV-D3","Urban/Rural","Urban","66489","157058","33.67","28.75","0","","",""
"","","Rural","130965","389182","66.33","71.25","","","",""
"PCV-D3","Residence","City","107","1301","13.23","16.81","0.0214849843935228","","",""
"","","Town","235","2266","29.05","29.28","","","",""
"","","Countryside","467","4173","57.73","53.91","","","",""
"PCV-D3","Wealth Quintile","Poorest","51117","143211","25.89","26.22","5.41249508992196e-13","","",""
"","","Poor","43001","122062","21.78","22.35","","","",""
"","","Middle","39207","107336","19.86","19.65","","","",""
"","","Rich","34642","95144","17.54","17.42","","","",""
"","","Richest","29487","78487","14.93","14.37","","","",""
"PCV-D3","Mother's Education","None","61566","143096","31.69","26.8","0","","",""
"","","Primary","66163","115711","34.05","21.67","","*","**",""
"","","Secondary","54933","217278","28.27","40.69","","*","**",""
"","","Higher","11636","57895","5.99","10.84","","","",""
"PCV-D3","Mother's Marital Status","Not married","13735","12175","6.96","2.27","0","","",""
"","","Married/Living together","171925","501647","87.07","93.66","","*","",""
"","","Widowed/Divorced/Not living together","11794","21773","5.97","4.07","","","",""
"PCV-D3","Husband's Education","None","48519","76128","29.94","25.21","0","","",""
"","","Primary","49567","71844","30.59","23.79","","*","",""
"","","Secondary","48068","120536","29.66","39.91","","*","**",""
"","","Higher","15908","33527","9.82","11.1","","","",""
"PCV-D3","Husband's Occupation","No work","9853","12645","5.97","4.17","0","","",""
"","","Prof/Manager/Clerical/Sales","37378","66564","22.64","21.94","","","",""
"","","Agricultural","61077","106651","36.99","35.16","","","",""
"","","Household/Services","13956","48497","8.45","15.99","","*","",""
"","","Manual work","42853","68991","25.95","22.74","","","",""
"RV-D1","Sex at birth","Male","161316","217877","51.11","50.9","0.0787075135113053","","",""
"","","Female","154330","210171","48.89","49.1","","","",""
"RV-D1","Health Card","No card","16743","39566","5.3","21.45","0","*","**",""
"","","Yes - Seen","249155","85701","78.94","46.46","","*","**","***"
"","","Yes - Not Seen","25581","42481","8.1","23.03","","*","**",""
"","","Lost","23330","16671","7.39","9.04","","","",""
"","","Other","830","25","0.26","0.01","","","",""
"RV-D1","Urban/Rural","Urban","92348","131199","29.26","30.65","2.24900005179029e-38","","",""
"","","Rural","223298","296849","70.74","69.35","","","",""
"RV-D1","Residence","City","1308","100","16.63","14.6","0.131112533895571","","",""
"","","Town","2280","221","28.99","32.26","","","",""
"","","Countryside","4276","364","54.37","53.14","","","",""
"RV-D1","Wealth Quintile","Poorest","85232","109096","27","25.49","2.79000099706372e-128","","",""
"","","Poor","71706","93357","22.72","21.81","","","",""
"","","Middle","62232","84311","19.72","19.7","","","",""
"","","Rich","53351","76435","16.9","17.86","","","",""
"","","Richest","43125","64849","13.66","15.15","","","",""
"RV-D1","Mother's Education","None","73842","130820","23.39","31.7","0","*","",""
"","","Primary","85710","96164","27.15","23.3","","","",""
"","","Secondary","123996","148215","39.28","35.92","","","",""
"","","Higher","32097","37434","10.17","9.07","","","",""
"RV-D1","Mother's Marital Status","Not married","14525","11385","4.6","2.73","0","","",""
"","","Married/Living together","286019","387553","90.61","92.85","","","",""
"","","Widowed/Divorced/Not living together","15102","18465","4.78","4.42","","","",""
"RV-D1","Husband's Education","None","41134","83513","23.79","28.68","0","","",""
"","","Primary","54842","66569","31.72","22.86","","*","",""
"","","Secondary","60626","107978","35.07","37.08","","","",""
"","","Higher","16282","33153","9.42","11.38","","","",""
"RV-D1","Husband's Occupation","No work","9343","13155","5.68","4.33","0","","",""
"","","Prof/Manager/Clerical/Sales","32350","71592","19.66","23.56","","","",""
"","","Agricultural","57638","110090","35.02","36.23","","","",""
"","","Household/Services","26113","36340","15.87","11.96","","","",""
"","","Manual work","39125","72719","23.77","23.93","","","",""
"RV-D2","Sex at birth","Male","161170","218023","51.1","50.9","0.086871107706682","","",""
"","","Female","154209","210292","48.9","49.1","","","",""
"RV-D2","Health Card","No card","16739","39570","5.31","21.42","0","*","**",""
"","","Yes - Seen","249140","85716","79","46.41","","*","**","***"
"","","Yes - Not Seen","25369","42693","8.04","23.11","","*","**",""
"","","Lost","23294","16707","7.39","9.04","","","",""
"","","Other","830","25","0.26","0.01","","","",""
"RV-D2","Urban/Rural","Urban","92210","131337","29.24","30.66","4.49474227122611e-40","","",""
"","","Rural","223169","296978","70.76","69.34","","","",""
"RV-D2","Residence","City","1308","100","16.63","14.6","0.131112533895571","","",""
"","","Town","2280","221","28.99","32.26","","","",""
"","","Countryside","4276","364","54.37","53.14","","","",""
"RV-D2","Wealth Quintile","Poorest","85165","109163","27","25.49","2.28369846927473e-129","","",""
"","","Poor","71656","93407","22.72","21.81","","","",""
"","","Middle","62186","84357","19.72","19.7","","","",""
"","","Rich","53304","76482","16.9","17.86","","","",""
"","","Richest","43068","64906","13.66","15.15","","","",""
"RV-D2","Mother's Education","None","73835","130827","23.41","31.68","0","*","",""
"","","Primary","85604","96270","27.14","23.32","","","",""
"","","Secondary","123895","148316","39.28","35.92","","","",""
"","","Higher","32044","37487","10.16","9.08","","","",""
"RV-D2","Mother's Marital Status","Not married","14509","11401","4.6","2.73","0","","",""
"","","Married/Living together","285832","387740","90.63","92.83","","","",""
"","","Widowed/Divorced/Not living together","15038","18529","4.77","4.44","","","",""
"RV-D2","Husband's Education","None","41129","83518","23.82","28.66","0","","",""
"","","Primary","54740","66671","31.71","22.88","","*","",""
"","","Secondary","60528","108076","35.06","37.08","","","",""
"","","Higher","16247","33188","9.41","11.39","","","",""
"RV-D2","Husband's Occupation","No work","9342","13156","5.69","4.33","0","","",""
"","","Prof/Manager/Clerical/Sales","32274","71668","19.64","23.56","","","",""
"","","Agricultural","57604","110124","35.06","36.21","","","",""
"","","Household/Services","26086","36367","15.88","11.96","","","",""
"","","Manual work","39013","72831","23.74","23.95","","","",""
"RV-D3","Sex at birth","Male","89849","289344","51.26","50.9","0.00934145342683118","","",""
"","","Female","85434","279067","48.74","49.1","","","",""
"RV-D3","Health Card","No card","6207","50102","3.54","15.43","0","*","**",""
"","","Yes - Seen","145951","188905","83.27","58.16","","*","**","***"
"","","Yes - Not Seen","15034","53028","8.58","16.33","","*","",""
"","","Lost","8089","31912","4.61","9.83","","*","",""
"","","Other","0","855","0","0.26","","","",""
"RV-D3","Urban/Rural","Urban","43319","180228","24.71","31.71","0","*","",""
"","","Rural","131964","388183","75.29","68.29","","*","",""
"RV-D3","Residence","City","0","1408","NaN","16.47","NaN",NA,NA,NA
"","","Town","0","2501","NaN","29.25","",NA,NA,NA
"","","Countryside","0","4640","NaN","54.28","",NA,NA,NA
"RV-D3","Wealth Quintile","Poorest","47066","147262","26.85","25.91","1.20504823182439e-83","","",""
"","","Poor","40596","124467","23.16","21.9","","","",""
"","","Middle","34614","111929","19.75","19.69","","","",""
"","","Rich","29551","100235","16.86","17.63","","","",""
"","","Richest","23456","84518","13.38","14.87","","","",""
"RV-D3","Mother's Education","None","43187","161475","24.64","29.2","0","","",""
"","","Primary","27910","153964","15.92","27.84","","*","**",""
"","","Secondary","80202","192009","45.76","34.72","","*","**",""
"","","Higher","23983","45548","13.68","8.24","","*","",""
"RV-D3","Mother's Marital Status","Not married","2643","23267","1.51","4.17","0","","",""
"","","Married/Living together","168784","504788","96.29","90.5","","*","",""
"","","Widowed/Divorced/Not living together","3856","29711","2.2","5.33","","","",""
"RV-D3","Husband's Education","None","18134","106513","30.8","26.29","0","","",""
"","","Primary","11711","109700","19.89","27.07","","*","",""
"","","Secondary","21820","146784","37.06","36.22","","","",""
"","","Higher","7209","42226","12.24","10.42","","","",""
"RV-D3","Husband's Occupation","No work","2782","19716","4.69","4.82","0","","",""
"","","Prof/Manager/Clerical/Sales","11300","92642","19.04","22.64","","","",""
"","","Agricultural","16884","150844","28.45","36.87","","*","",""
"","","Household/Services","17348","45105","29.23","11.02","","*","**",""
"","","Manual work","11032","100812","18.59","24.64","","*","",""
