"Vaccine","Characteristic","Levels","Date Available (n)","Date Not Available (n)","Date Available (%)","Date Not Availanle (%)","Chi2","Flag 5%","Flag 10%","Flag 20%"
"BCG","Sex at birth","Male","158526","67265","51.16","50.82","0.0346829581543272","","",""
"","","Female","151323","65107","48.84","49.18","","","",""
"BCG","Health Card","No card","27","16564","0.01","13.16","0","*","**",""
"","","Yes - Seen","309342","14489","99.84","11.51","","*","**","***"
"","","Yes - Not Seen","51","58828","0.02","46.74","","*","**","***"
"","","Lost","29","35741","0.01","28.4","","*","**","***"
"","","Other","400","230","0.13","0.18","","","",""
"BCG","Urban/Rural","Urban","95951","44574","30.97","33.67","4.3735772348708e-70","","",""
"","","Rural","213898","87798","69.03","66.33","","","",""
"BCG","Residence","City","882","357","16.43","19.29","0.00115367283333017","","",""
"","","Town","1528","560","28.47","30.25","","","",""
"","","Countryside","2957","934","55.1","50.46","","","",""
"BCG","Wealth Quintile","Poorest","74338","33254","23.99","25.12","1.43053021003537e-30","","",""
"","","Poor","68499","28282","22.11","21.37","","","",""
"","","Middle","62689","25611","20.23","19.35","","","",""
"","","Rich","56349","23723","18.19","17.92","","","",""
"","","Richest","47974","21502","15.48","16.24","","","",""
"BCG","Mother's Education","None","67430","35311","22.05","27.76","0","*","",""
"","","Primary","77299","35128","25.28","27.61","","","",""
"","","Secondary","126975","45372","41.53","35.66","","*","",""
"","","Higher","34053","11407","11.14","8.97","","","",""
"BCG","Mother's Marital Status","Not married","12213","5787","3.94","4.44","1.51253139812706e-303","","",""
"","","Married/Living together","285863","116254","92.26","89.27","","","",""
"","","Widowed/Divorced/Not living together","11773","8184","3.8","6.28","","","",""
"BCG","Husband's Education","None","41356","22785","21.62","23.44","3.56945056502318e-104","","",""
"","","Primary","54037","23851","28.24","24.54","","","",""
"","","Secondary","73812","39319","38.58","40.46","","","",""
"","","Higher","22114","11234","11.56","11.56","","","",""
"BCG","Husband's Occupation","No work","7541","3941","4","3.94","3.07279716112924e-218","","",""
"","","Prof/Manager/Clerical/Sales","41366","25370","21.97","25.38","","","",""
"","","Agricultural","61850","34358","32.85","34.37","","","",""
"","","Household/Services","27502","11115","14.61","11.12","","","",""
"","","Manual work","50045","25191","26.58","25.2","","","",""
"DTP-D1","Sex at birth","Male","142521","65658","51.18","50.96","0.206238396360233","","",""
"","","Female","135967","63176","48.82","49.04","","","",""
"DTP-D1","Health Card","No card","24","13506","0.01","10.49","0","*","**",""
"","","Yes - Seen","277958","26482","99.81","20.57","","*","**","***"
"","","Yes - Not Seen","49","55349","0.02","42.99","","*","**","***"
"","","Lost","30","33198","0.01","25.78","","*","**","***"
"","","Other","427","220","0.15","0.17","","","",""
"DTP-D1","Urban/Rural","Urban","86905","42134","31.21","32.7","1.25556603544726e-21","","",""
"","","Rural","191583","86700","68.79","67.3","","","",""
"DTP-D1","Residence","City","915","255","16.36","21.11","3.28429860249626e-05","","",""
"","","Town","1598","362","28.57","29.97","","","",""
"","","Countryside","3080","591","55.07","48.92","","*","",""
"DTP-D1","Wealth Quintile","Poorest","67144","31581","24.11","24.51","2.47075609739433e-19","","",""
"","","Poor","61180","27418","21.97","21.28","","","",""
"","","Middle","56173","25022","20.17","19.42","","","",""
"","","Rich","50590","23609","18.17","18.33","","","",""
"","","Richest","43401","21204","15.58","16.46","","","",""
"DTP-D1","Mother's Education","None","60731","31491","22.22","25.44","7.43404440047974e-120","","",""
"","","Primary","71528","32300","26.18","26.09","","","",""
"","","Secondary","111719","47142","40.88","38.08","","","",""
"","","Higher","29290","12874","10.72","10.4","","","",""
"DTP-D1","Mother's Marital Status","Not married","11229","5201","4.03","4.04","9.54950888997694e-142","","",""
"","","Married/Living together","256161","116196","91.98","90.19","","","",""
"","","Widowed/Divorced/Not living together","11098","7437","3.99","5.77","","","",""
"DTP-D1","Husband's Education","None","38352","20406","21.79","22.74","5.26402547945311e-176","","",""
"","","Primary","50796","21272","28.86","23.71","","*","",""
"","","Secondary","67255","37047","38.21","41.29","","","",""
"","","Higher","19604","10992","11.14","12.25","","","",""
"DTP-D1","Husband's Occupation","No work","7074","3422","4.07","3.68","4.67755176588897e-112","","",""
"","","Prof/Manager/Clerical/Sales","38261","23334","22.01","25.09","","","",""
"","","Agricultural","57480","31739","33.06","34.13","","","",""
"","","Household/Services","24273","11410","13.96","12.27","","","",""
"","","Manual work","46777","23084","26.9","24.82","","","",""
"DTP-D2","Sex at birth","Male","138127","52424","51.21","50.88","0.0717380078283601","","",""
"","","Female","131578","50603","48.79","49.12","","","",""
"DTP-D2","Health Card","No card","24","10325","0.01","10.03","0","*","**",""
"","","Yes - Seen","269213","14529","99.82","14.11","","*","**","***"
"","","Yes - Not Seen","42","49403","0.02","47.98","","*","**","***"
"","","Lost","29","28515","0.01","27.69","","*","**","***"
"","","Other","397","201","0.15","0.2","","","",""
"DTP-D2","Urban/Rural","Urban","83612","34549","31","33.53","6.24888803070251e-50","","",""
"","","Rural","186093","68478","69","66.47","","","",""
"DTP-D2","Residence","City","849","177","16.15","21.22","6.07213936451059e-05","*","",""
"","","Town","1508","258","28.68","30.94","","","",""
"","","Countryside","2901","399","55.17","47.84","","*","",""
"DTP-D2","Wealth Quintile","Poorest","64096","25081","23.77","24.34","4.23850833668755e-28","","",""
"","","Poor","59064","21546","21.9","20.91","","","",""
"","","Middle","54463","19935","20.19","19.35","","","",""
"","","Rich","49509","18994","18.36","18.44","","","",""
"","","Richest","42573","17471","15.79","16.96","","","",""
"DTP-D2","Mother's Education","None","57111","25345","21.55","25.71","2.45559312298825e-198","","",""
"","","Primary","68456","26238","25.83","26.62","","","",""
"","","Secondary","110165","36822","41.57","37.35","","","",""
"","","Higher","29287","10177","11.05","10.32","","","",""
"DTP-D2","Mother's Marital Status","Not married","10448","4210","3.87","4.09","1.24451065392029e-175","","",""
"","","Married/Living together","248556","92520","92.16","89.8","","","",""
"","","Widowed/Divorced/Not living together","10701","6297","3.97","6.11","","","",""
"DTP-D2","Husband's Education","None","35312","16956","21.17","22.5","3.94362656181881e-193","","",""
"","","Primary","48533","17549","29.09","23.29","","*","",""
"","","Secondary","64117","31300","38.43","41.54","","","",""
"","","Higher","18874","9551","11.31","12.67","","","",""
"DTP-D2","Husband's Occupation","No work","6541","2957","3.97","3.76","1.61048471812218e-136","","",""
"","","Prof/Manager/Clerical/Sales","36081","20184","21.92","25.7","","","",""
"","","Agricultural","54164","26251","32.91","33.42","","","",""
"","","Household/Services","23600","9276","14.34","11.81","","","",""
"","","Manual work","44191","19881","26.85","25.31","","","",""
"DTP-D3","Sex at birth","Male","126582","43414","51.23","50.89","0.0856094856487895","","",""
"","","Female","120481","41891","48.77","49.11","","","",""
"DTP-D3","Health Card","No card","22","6727","0.01","7.89","0","*","",""
"","","Yes - Seen","246602","15175","99.81","17.8","","*","**","***"
"","","Yes - Not Seen","33","40394","0.01","47.37","","*","**","***"
"","","Lost","31","22848","0.01","26.79","","*","**","***"
"","","Other","375","126","0.15","0.15","","","",""
"DTP-D3","Urban/Rural","Urban","76713","29246","31.05","34.28","2.36615883513207e-68","","",""
"","","Rural","170350","56059","68.95","65.72","","","",""
"DTP-D3","Residence","City","781","127","16.11","22.24","0.00039854725469777","*","",""
"","","Town","1383","166","28.53","29.07","","","",""
"","","Countryside","2683","278","55.35","48.69","","*","",""
"DTP-D3","Wealth Quintile","Poorest","58007","20088","23.48","23.55","2.44478713603195e-42","","",""
"","","Poor","53979","17515","21.85","20.53","","","",""
"","","Middle","50055","16512","20.26","19.36","","","",""
"","","Rich","45443","16028","18.39","18.79","","","",""
"","","Richest","39579","15162","16.02","17.77","","","",""
"DTP-D3","Mother's Education","None","51292","19900","21.12","24.33","2.33092611393616e-96","","",""
"","","Primary","62614","21131","25.78","25.84","","","",""
"","","Secondary","101694","31583","41.86","38.62","","","",""
"","","Higher","27317","9174","11.25","11.22","","","",""
"DTP-D3","Mother's Marital Status","Not married","9461","3220","3.83","3.77","5.49308568188764e-126","","",""
"","","Married/Living together","227734","76991","92.18","90.25","","","",""
"","","Widowed/Divorced/Not living together","9868","5094","3.99","5.97","","","",""
"DTP-D3","Husband's Education","None","31655","13104","20.73","21.12","6.01759027591176e-191","","",""
"","","Primary","44608","14383","29.21","23.18","","*","",""
"","","Secondary","58915","26174","38.57","42.18","","","",""
"","","Higher","17558","8393","11.5","13.53","","","",""
"DTP-D3","Husband's Occupation","No work","5893","2460","3.92","3.81","5.97301427381421e-113","","",""
"","","Prof/Manager/Clerical/Sales","33051","16900","21.97","26.16","","","",""
"","","Agricultural","49315","20514","32.78","31.76","","","",""
"","","Household/Services","21696","7904","14.42","12.24","","","",""
"","","Manual work","40492","16818","26.91","26.04","","","",""
"OPV-BD","Sex at birth","Male","115198","44647","51.08","50.95","0.508616487624969","","",""
"","","Female","110306","42978","48.92","49.05","","","",""
"OPV-BD","Health Card","No card","0","7633","0","8.71","0","*","",""
"","","Yes - Seen","225369","19132","99.94","21.84","","*","**","***"
"","","Yes - Not Seen","21","35930","0.01","41.02","","*","**","***"
"","","Lost","5","24602","0","28.09","","*","**","***"
"","","Other","109","298","0.05","0.34","","","",""
"OPV-BD","Urban/Rural","Urban","68462","31624","30.36","36.09","3.47247522173235e-209","*","",""
"","","Rural","157042","56001","69.64","63.91","","*","",""
"OPV-BD","Residence","City","41","67","9.3","19.09","0.000345491324589606","*","",""
"","","Town","135","94","30.61","26.78","","","",""
"","","Countryside","265","190","60.09","54.13","","*","",""
"OPV-BD","Wealth Quintile","Poorest","48857","19528","21.67","22.29","2.45579849978328e-31","","",""
"","","Poor","48137","17803","21.35","20.32","","","",""
"","","Middle","46241","17154","20.51","19.58","","","",""
"","","Rich","43222","16661","19.17","19.01","","","",""
"","","Richest","39047","16479","17.32","18.81","","","",""
"OPV-BD","Mother's Education","None","53661","22003","24.06","25.88","5.38717781260338e-143","","",""
"","","Primary","48220","21032","21.62","24.73","","","",""
"","","Secondary","95955","33799","43.02","39.75","","","",""
"","","Higher","25211","8201","11.3","9.64","","","",""
"OPV-BD","Mother's Marital Status","Not married","9471","4393","4.2","5.01","3.34018424996959e-241","","",""
"","","Married/Living together","209176","78506","92.76","89.59","","","",""
"","","Widowed/Divorced/Not living together","6857","4726","3.04","5.39","","","",""
"OPV-BD","Husband's Education","None","32175","14123","25.5","23.18","7.08075251345706e-62","","",""
"","","Primary","29723","13257","23.55","21.76","","","",""
"","","Secondary","48624","25626","38.53","42.06","","","",""
"","","Higher","15664","7919","12.41","13","","","",""
"OPV-BD","Husband's Occupation","No work","5203","2578","4.05","4.06","7.08732207867803e-143","","",""
"","","Prof/Manager/Clerical/Sales","30043","17499","23.37","27.58","","","",""
"","","Agricultural","41160","19487","32.01","30.72","","","",""
"","","Household/Services","20524","7958","15.96","12.54","","","",""
"","","Manual work","31651","15915","24.62","25.09","","","",""
"OPV-D1","Sex at birth","Male","149534","62100","51.2","50.75","0.00847628283971372","","",""
"","","Female","142545","60270","48.8","49.25","","","",""
"OPV-D1","Health Card","No card","24","22079","0.01","18.06","0","*","**",""
"","","Yes - Seen","291551","13231","99.82","10.82","","*","**","***"
"","","Yes - Not Seen","47","54611","0.02","44.67","","*","**","***"
"","","Lost","29","32069","0.01","26.23","","*","**","***"
"","","Other","428","253","0.15","0.21","","","",""
"OPV-D1","Urban/Rural","Urban","89938","38958","30.79","31.84","3.62490388938011e-11","","",""
"","","Rural","202141","83412","69.21","68.16","","","",""
"OPV-D1","Residence","City","902","316","16.16","19.19","0.000547724817334687","","",""
"","","Town","1591","504","28.5","30.6","","","",""
"","","Countryside","3089","827","55.34","50.21","","*","",""
"OPV-D1","Wealth Quintile","Poorest","70234","32506","24.05","26.56","3.66537843233223e-66","","",""
"","","Poor","64329","26505","22.02","21.66","","","",""
"","","Middle","59077","23343","20.23","19.08","","","",""
"","","Rich","53066","21387","18.17","17.48","","","",""
"","","Richest","45373","18629","15.53","15.22","","","",""
"OPV-D1","Mother's Education","None","62909","35871","21.93","30.55","0","*","",""
"","","Primary","72800","33071","25.38","28.17","","","",""
"","","Secondary","119205","38819","41.56","33.06","","*","",""
"","","Higher","31940","9651","11.13","8.22","","","",""
"OPV-D1","Mother's Marital Status","Not married","11414","5005","3.91","4.09","4.51996167397565e-248","","",""
"","","Married/Living together","269319","109692","92.21","89.64","","","",""
"","","Widowed/Divorced/Not living together","11346","7673","3.88","6.27","","","",""
"OPV-D1","Husband's Education","None","38904","24839","21.48","26.68","1.92643302260459e-239","*","",""
"","","Primary","51122","22815","28.22","24.51","","","",""
"","","Secondary","70263","35793","38.79","38.45","","","",""
"","","Higher","20859","9652","11.51","10.37","","","",""
"OPV-D1","Husband's Occupation","No work","7047","3317","3.93","3.47","0","","",""
"","","Prof/Manager/Clerical/Sales","39352","23064","21.96","24.14","","","",""
"","","Agricultural","58690","36764","32.76","38.48","","*","",""
"","","Household/Services","25833","9894","14.42","10.36","","","",""
"","","Manual work","48256","22492","26.93","23.54","","","",""
"OPV-D2","Sex at birth","Male","139881","52066","51.19","50.73","0.0117663880329703","","",""
"","","Female","133367","50567","48.81","49.27","","","",""
"OPV-D2","Health Card","No card","24","17575","0.01","17.14","0","*","**",""
"","","Yes - Seen","272754","11198","99.82","10.92","","*","**","***"
"","","Yes - Not Seen","41","46609","0.02","45.46","","*","**","***"
"","","Lost","29","26932","0.01","26.27","","*","**","***"
"","","Other","400","216","0.15","0.21","","","",""
"OPV-D2","Urban/Rural","Urban","84458","32942","30.91","32.1","2.6007008454479e-12","","",""
"","","Rural","188790","69691","69.09","67.9","","","",""
"OPV-D2","Residence","City","839","272","15.95","19.48","0.000274796566770015","","",""
"","","Town","1514","431","28.78","30.87","","","",""
"","","Countryside","2908","693","55.27","49.64","","*","",""
"OPV-D2","Wealth Quintile","Poorest","64988","26844","23.78","26.16","4.66166171952432e-56","","",""
"","","Poor","59993","21999","21.96","21.43","","","",""
"","","Middle","55364","19400","20.26","18.9","","","",""
"","","Rich","49996","18183","18.3","17.72","","","",""
"","","Richest","42907","16207","15.7","15.79","","","",""
"OPV-D2","Mother's Education","None","57690","29714","21.48","30.27","0","*","",""
"","","Primary","68570","27078","25.53","27.58","","","",""
"","","Secondary","112039","32983","41.72","33.6","","*","",""
"","","Higher","30254","8403","11.27","8.56","","","",""
"OPV-D2","Mother's Marital Status","Not married","10628","4052","3.89","3.95","2.60256105839604e-177","","",""
"","","Married/Living together","251767","92274","92.14","89.91","","","",""
"","","Widowed/Divorced/Not living together","10853","6307","3.97","6.15","","","",""
"OPV-D2","Husband's Education","None","35651","20582","20.96","26.36","7.95481302226063e-250","*","",""
"","","Primary","48596","18643","28.57","23.88","","","",""
"","","Secondary","66079","30402","38.85","38.94","","","",""
"","","Higher","19753","8447","11.61","10.82","","","",""
"OPV-D2","Husband's Occupation","No work","6504","2761","3.88","3.43","1.97906094141115e-307","","",""
"","","Prof/Manager/Clerical/Sales","36884","19821","21.98","24.61","","","",""
"","","Agricultural","54986","30428","32.77","37.78","","*","",""
"","","Household/Services","24084","8522","14.35","10.58","","","",""
"","","Manual work","45348","19017","27.02","23.61","","","",""
"OPV-D3","Sex at birth","Male","127341","34640","51.24","50.79","0.0341784338419975","","",""
"","","Female","121160","33569","48.76","49.21","","","",""
"OPV-D3","Health Card","No card","22","11245","0.01","16.51","0","*","**",""
"","","Yes - Seen","248039","12282","99.81","18.03","","*","**","***"
"","","Yes - Not Seen","33","29891","0.01","43.87","","*","**","***"
"","","Lost","32","14603","0.01","21.43","","*","**","***"
"","","Other","375","108","0.15","0.16","","","",""
"OPV-D3","Urban/Rural","Urban","76723","21487","30.87","31.5","0.00172863039531809","","",""
"","","Rural","171778","46722","69.13","68.5","","","",""
"OPV-D3","Residence","City","786","192","16.07","20.1","0.00331799677254071","","",""
"","","Town","1405","282","28.72","29.53","","","",""
"","","Countryside","2701","481","55.21","50.37","","","",""
"OPV-D3","Wealth Quintile","Poorest","58420","17651","23.51","25.88","1.00831880572394e-37","","",""
"","","Poor","54361","14623","21.88","21.44","","","",""
"","","Middle","50442","13020","20.3","19.09","","","",""
"","","Rich","45675","12141","18.38","17.8","","","",""
"","","Richest","39603","10774","15.94","15.8","","","",""
"OPV-D3","Mother's Education","None","51662","19601","21.14","30.13","0","*","",""
"","","Primary","62314","17480","25.5","26.87","","","",""
"","","Secondary","102556","22033","41.97","33.86","","*","",""
"","","Higher","27847","5951","11.4","9.15","","","",""
"OPV-D3","Mother's Marital Status","Not married","9546","2207","3.84","3.24","2.71260367664163e-79","","",""
"","","Married/Living together","229000","62199","92.15","91.19","","","",""
"","","Widowed/Divorced/Not living together","9955","3803","4.01","5.58","","","",""
"OPV-D3","Husband's Education","None","31851","13518","20.62","25.47","9.78997207379591e-178","","",""
"","","Primary","44354","12535","28.71","23.61","","*","",""
"","","Secondary","60139","21134","38.93","39.81","","","",""
"","","Higher","18148","5894","11.75","11.1","","","",""
"OPV-D3","Husband's Occupation","No work","5769","1711","3.79","3.12","3.21122712435919e-206","","",""
"","","Prof/Manager/Clerical/Sales","33418","13490","21.97","24.59","","","",""
"","","Agricultural","49750","20444","32.71","37.27","","","",""
"","","Household/Services","21877","5832","14.38","10.63","","","",""
"","","Manual work","41284","13384","27.14","24.4","","","",""
"IPV-D1","Sex at birth","Male","20836","12506","51.18","50.6","0.153165752658563","","",""
"","","Female","19872","12207","48.82","49.4","","","",""
"IPV-D1","Health Card","No card","0","1897","0","7.68","0","*","",""
"","","Yes - Seen","40469","3530","99.41","14.28","","*","**","***"
"","","Yes - Not Seen","0","5997","0","24.27","","*","**","***"
"","","Lost","0","12976","0","52.51","","*","**","***"
"","","Other","239","313","0.59","1.27","","","",""
"IPV-D1","Urban/Rural","Urban","14393","9826","35.36","39.76","1.29337884565049e-29","","",""
"","","Rural","26315","14887","64.64","60.24","","","",""
"IPV-D1","Wealth Quintile","Poorest","9366","5391","23.01","21.81","4.92101608370355e-16","","",""
"","","Poor","8417","4713","20.68","19.07","","","",""
"","","Middle","8325","4961","20.45","20.07","","","",""
"","","Rich","7677","4926","18.86","19.93","","","",""
"","","Richest","6923","4722","17.01","19.11","","","",""
"IPV-D1","Mother's Education","None","11302","8049","27.76","32.57","1.64634147246954e-38","","",""
"","","Primary","11760","6656","28.89","26.93","","","",""
"","","Secondary","13619","7571","33.46","30.64","","","",""
"","","Higher","4027","2437","9.89","9.86","","","",""
"IPV-D1","Mother's Marital Status","Not married","2646","1504","6.5","6.09","7.8989019841326e-29","","",""
"","","Married/Living together","36301","21646","89.17","87.59","","","",""
"","","Widowed/Divorced/Not living together","1761","1563","4.33","6.32","","","",""
"IPV-D1","Husband's Education","None","9647","6656","28.06","33.09","8.4697969155942e-56","*","",""
"","","Primary","8785","4192","25.56","20.84","","","",""
"","","Secondary","11109","6133","32.32","30.49","","","",""
"","","Higher","4833","3131","14.06","15.57","","","",""
"IPV-D1","Husband's Occupation","No work","1792","1551","5.16","7.56","1.14173635842167e-62","","",""
"","","Prof/Manager/Clerical/Sales","8971","6080","25.85","29.65","","","",""
"","","Agricultural","10899","6066","31.4","29.58","","","",""
"","","Household/Services","3112","1830","8.97","8.92","","","",""
"","","Manual work","9935","4978","28.62","24.28","","","",""
"IPV-D2","Sex at birth","Male","23","273","48.94","52.5","0.75204049344755","","",""
"","","Female","24","247","51.06","47.5","","","",""
"IPV-D2","Health Card","No card","0","59","0","11.35","4.91323046196474e-101","*","**",""
"","","Yes - Seen","47","9","100","1.73","","*","**","***"
"","","Yes - Not Seen","0","156","0","30","","*","**","***"
"","","Lost","0","296","0","56.92","","*","**","***"
"IPV-D2","Urban/Rural","Urban","21","215","44.68","41.35","0.77208367137722","","",""
"","","Rural","26","305","55.32","58.65","","","",""
"IPV-D2","Wealth Quintile","Poorest","10","147","21.28","28.27","0.271310527333344","*","",""
"","","Poor","10","117","21.28","22.5","","","",""
"","","Middle","7","91","14.89","17.5","","","",""
"","","Rich","7","86","14.89","16.54","","","",""
"","","Richest","13","79","27.66","15.19","","*","**",""
"IPV-D2","Mother's Education","None","3","2","6.38","0.38","9.16398836429562e-05","*","",""
"","","Primary","11","78","23.4","15","","*","",""
"","","Secondary","20","231","42.55","44.42","","","",""
"","","Higher","13","209","27.66","40.19","","*","**",""
"IPV-D2","Mother's Marital Status","Not married","1","26","2.13","5","0.395348783808367","","",""
"","","Married/Living together","46","483","97.87","92.88","","","",""
"","","Widowed/Divorced/Not living together","0","11","0","2.12","","","",""
"IPV-D2","Husband's Education","None","7","8","15.22","1.66","1.27251622487422e-06","*","**",""
"","","Primary","7","50","15.22","10.35","","","",""
"","","Secondary","17","251","36.96","51.97","","*","**",""
"","","Higher","15","174","32.61","36.02","","","",""
"IPV-D2","Husband's Occupation","No work","1","24","2.17","5.01","0.121654272666799","","",""
"","","Prof/Manager/Clerical/Sales","16","107","34.78","22.34","","*","**",""
"","","Agricultural","8","117","17.39","24.43","","*","",""
"","","Household/Services","6","33","13.04","6.89","","*","",""
"","","Manual work","15","198","32.61","41.34","","*","",""
"MCV-D1","Sex at birth","Male","93473","53612","51.15","50.96","0.328401379523746","","",""
"","","Female","89260","51586","48.85","49.04","","","",""
"MCV-D1","Health Card","No card","13","12837","0.01","12.21","0","*","**",""
"","","Yes - Seen","182378","17847","99.81","16.98","","*","**","***"
"","","Yes - Not Seen","24","46155","0.01","43.91","","*","**","***"
"","","Lost","19","28053","0.01","26.69","","*","**","***"
"","","Other","299","214","0.16","0.2","","","",""
"MCV-D1","Urban/Rural","Urban","56557","35875","30.95","34.1","4.17827846219216e-68","","",""
"","","Rural","126176","69323","69.05","65.9","","","",""
"MCV-D1","Residence","City","626","300","15.84","18.13","0.0248043389716048","","",""
"","","Town","1117","491","28.26","29.67","","","",""
"","","Countryside","2209","864","55.9","52.21","","","",""
"MCV-D1","Wealth Quintile","Poorest","43250","25377","23.67","24.12","1.01161824904098e-21","","",""
"","","Poor","39930","22060","21.85","20.97","","","",""
"","","Middle","37013","20446","20.26","19.44","","","",""
"","","Rich","33372","19338","18.26","18.38","","","",""
"","","Richest","29168","17977","15.96","17.09","","","",""
"MCV-D1","Mother's Education","None","38154","27128","21.3","26.98","1.9696915102753e-319","*","",""
"","","Primary","47729","27568","26.64","27.42","","","",""
"","","Secondary","73225","36580","40.87","36.38","","","",""
"","","Higher","20049","9274","11.19","9.22","","","",""
"MCV-D1","Mother's Marital Status","Not married","6613","4823","3.62","4.58","7.35801574018899e-152","","",""
"","","Married/Living together","168192","93812","92.04","89.18","","","",""
"","","Widowed/Divorced/Not living together","7928","6563","4.34","6.24","","","",""
"MCV-D1","Husband's Education","None","23916","19084","20.46","23.98","7.18904185401085e-178","","",""
"","","Primary","34478","19132","29.5","24.04","","*","",""
"","","Secondary","45166","32117","38.65","40.36","","","",""
"","","Higher","13309","9239","11.39","11.61","","","",""
"MCV-D1","Husband's Occupation","No work","4280","2965","3.73","3.62","2.44933941662066e-165","","",""
"","","Prof/Manager/Clerical/Sales","24812","21078","21.61","25.72","","","",""
"","","Agricultural","38726","28600","33.73","34.9","","","",""
"","","Household/Services","15911","9034","13.86","11.02","","","",""
"","","Manual work","31089","20276","27.08","24.74","","","",""
"MCV-D2","Sex at birth","Male","30505","14859","51.66","51.62","0.919408463033714","","",""
"","","Female","28543","13925","48.34","48.38","","","",""
"MCV-D2","Health Card","No card","0","1760","0","6.11","0","*","",""
"","","Yes - Seen","59036","9517","99.98","33.06","","*","**","***"
"","","Yes - Not Seen","1","9915","0","34.45","","*","**","***"
"","","Lost","0","7492","0","26.03","","*","**","***"
"","","Other","11","100","0.02","0.35","","","",""
"MCV-D2","Urban/Rural","Urban","16304","10031","27.61","34.85","6.0181889466527e-107","*","",""
"","","Rural","42744","18753","72.39","65.15","","*","",""
"MCV-D2","Residence","City","19","22","10.61","16.3","0.333799058600457","*","",""
"","","Town","46","32","25.7","23.7","","","",""
"","","Countryside","114","81","63.69","60","","","",""
"MCV-D2","Wealth Quintile","Poorest","13822","6424","23.41","22.32","6.28279945245022e-26","","",""
"","","Poor","13079","5932","22.15","20.61","","","",""
"","","Middle","12037","5722","20.39","19.88","","","",""
"","","Rich","10897","5421","18.45","18.83","","","",""
"","","Richest","9213","5285","15.6","18.36","","","",""
"MCV-D2","Mother's Education","None","11832","6396","20.04","22.22","1.7686805991901e-41","","",""
"","","Primary","11079","6142","18.76","21.34","","","",""
"","","Secondary","27683","12245","46.88","42.54","","","",""
"","","Higher","8454","4001","14.32","13.9","","","",""
"MCV-D2","Mother's Marital Status","Not married","1379","1008","2.34","3.5","1.05437128723228e-64","","",""
"","","Married/Living together","56285","26628","95.32","92.51","","","",""
"","","Widowed/Divorced/Not living together","1384","1148","2.34","3.99","","","",""
"MCV-D2","Husband's Education","None","6229","3425","21.38","17.42","2.98296121379233e-32","","",""
"","","Primary","6859","4506","23.54","22.91","","","",""
"","","Secondary","11871","8477","40.75","43.1","","","",""
"","","Higher","4173","3258","14.32","16.57","","","",""
"MCV-D2","Husband's Occupation","No work","1201","837","4.13","4.29","3.57561409244118e-138","","",""
"","","Prof/Manager/Clerical/Sales","6251","5139","21.49","26.36","","","",""
"","","Agricultural","7937","4443","27.28","22.79","","","",""
"","","Household/Services","5599","2485","19.25","12.75","","*","",""
"","","Manual work","8104","6591","27.86","33.81","","*","",""
"HepB-BD","Sex at birth","Male","52751","17550","51.41","51.36","0.870387242107134","","",""
"","","Female","49856","16622","48.59","48.64","","","",""
"HepB-BD","Health Card","No card","0","2641","0","7.73","0","*","",""
"","","Yes - Seen","102599","9586","99.99","28.05","","*","**","***"
"","","Yes - Not Seen","8","11725","0.01","34.31","","*","**","***"
"","","Lost","0","10219","0","29.91","","*","**","***"
"HepB-BD","Urban/Rural","Urban","27592","12484","26.89","36.53","4.53129478331736e-252","*","",""
"","","Rural","75015","21688","73.11","63.47","","*","",""
"HepB-BD","Wealth Quintile","Poorest","23453","7666","22.86","22.43","0.00119435193935818","","",""
"","","Poor","22558","7322","21.98","21.43","","","",""
"","","Middle","21256","7126","20.72","20.85","","","",""
"","","Rich","19207","6388","18.72","18.69","","","",""
"","","Richest","16133","5670","15.72","16.59","","","",""
"HepB-BD","Mother's Education","None","18838","7432","18.36","21.75","2.57191260820125e-251","","",""
"","","Primary","14612","7008","14.24","20.51","","*","",""
"","","Secondary","53424","15133","52.07","44.28","","*","",""
"","","Higher","15732","4599","15.33","13.46","","","",""
"HepB-BD","Mother's Marital Status","Not married","860","863","0.84","2.53","8.50975150545305e-245","","",""
"","","Married/Living together","100358","32194","97.81","94.21","","","",""
"","","Widowed/Divorced/Not living together","1389","1115","1.35","3.26","","","",""
"HepB-BD","Husband's Education","None","7031","3861","18.51","20.09","1.30657405779786e-32","","",""
"","","Primary","5866","3610","15.44","18.79","","","",""
"","","Secondary","18481","8635","48.65","44.94","","","",""
"","","Higher","6610","3108","17.4","16.18","","","",""
"HepB-BD","Husband's Occupation","No work","1147","943","3.02","4.89","3.50200080749907e-215","","",""
"","","Prof/Manager/Clerical/Sales","9453","5599","24.85","29.05","","","",""
"","","Agricultural","8941","5734","23.51","29.75","","*","",""
"","","Household/Services","10503","3319","27.61","17.22","","*","**",""
"","","Manual work","7993","3681","21.01","19.1","","","",""
"HepB-D1","Sex at birth","Male","112536","33842","51.21","51.13","0.718470925767065","","",""
"","","Female","107217","32347","48.79","48.87","","","",""
"HepB-D1","Health Card","No card","24","6423","0.01","9.7","0","*","",""
"","","Yes - Seen","219223","9718","99.76","14.68","","*","**","***"
"","","Yes - Not Seen","49","23372","0.02","35.31","","*","**","***"
"","","Lost","30","26455","0.01","39.97","","*","**","***"
"","","Other","427","220","0.19","0.33","","","",""
"HepB-D1","Urban/Rural","Urban","63699","22674","28.99","34.26","1.09528929768766e-147","*","",""
"","","Rural","156054","43515","71.01","65.74","","*","",""
"HepB-D1","Residence","City","37","56","9.25","18.06","0.00212555106365386","*","",""
"","","Town","117","88","29.25","28.39","","","",""
"","","Countryside","246","166","61.5","53.55","","*","",""
"HepB-D1","Wealth Quintile","Poorest","52135","16622","23.72","25.11","1.55223268035978e-21","","",""
"","","Poor","48335","14012","22","21.17","","","",""
"","","Middle","44724","12936","20.35","19.54","","","",""
"","","Rich","40481","11815","18.42","17.85","","","",""
"","","Richest","34078","10804","15.51","16.32","","","",""
"HepB-D1","Mother's Education","None","48885","16964","22.25","25.63","3.09786132429202e-190","","",""
"","","Primary","51464","17575","23.42","26.55","","","",""
"","","Secondary","93698","24564","42.64","37.11","","*","",""
"","","Higher","25705","7086","11.7","10.71","","","",""
"HepB-D1","Mother's Marital Status","Not married","7836","3119","3.57","4.71","5.46551648055939e-218","","",""
"","","Married/Living together","205197","59512","93.38","89.91","","","",""
"","","Widowed/Divorced/Not living together","6720","3558","3.06","5.38","","","",""
"HepB-D1","Husband's Education","None","27839","10585","22.95","24.16","4.0213927256693e-16","","",""
"","","Primary","32683","11318","26.94","25.84","","","",""
"","","Secondary","45630","15969","37.62","36.45","","","",""
"","","Higher","15151","5933","12.49","13.54","","","",""
"HepB-D1","Husband's Occupation","No work","6553","2864","5.41","6.57","7.61717030485485e-124","","",""
"","","Prof/Manager/Clerical/Sales","26696","11211","22.06","25.7","","","",""
"","","Agricultural","37966","13667","31.37","31.34","","","",""
"","","Household/Services","20088","5552","16.6","12.73","","","",""
"","","Manual work","29728","10321","24.56","23.66","","","",""
"HepB-D2","Sex at birth","Male","104567","29366","51.22","51.13","0.725924040249792","","",""
"","","Female","99603","28066","48.78","48.87","","","",""
"HepB-D2","Health Card","No card","24","4891","0.01","8.52","0","*","",""
"","","Yes - Seen","203678","9715","99.76","16.92","","*","**","***"
"","","Yes - Not Seen","42","20248","0.02","35.26","","*","**","***"
"","","Lost","29","22376","0.01","38.96","","*","**","***"
"","","Other","397","201","0.19","0.35","","","",""
"HepB-D2","Urban/Rural","Urban","59242","19363","29.02","33.71","2.40026291581392e-104","","",""
"","","Rural","144928","38069","70.98","66.29","","","",""
"HepB-D2","Residence","City","36","30","9.45","16.67","0.0229567403428408","*","",""
"","","Town","114","58","29.92","32.22","","","",""
"","","Countryside","231","92","60.63","51.11","","*","",""
"HepB-D2","Wealth Quintile","Poorest","47833","14322","23.43","24.94","6.2410927838807e-22","","",""
"","","Poor","44711","12031","21.9","20.95","","","",""
"","","Middle","41559","11222","20.36","19.54","","","",""
"","","Rich","37974","10339","18.6","18","","","",""
"","","Richest","32093","9518","15.72","16.57","","","",""
"HepB-D2","Mother's Education","None","44529","14319","21.81","24.93","1.30114583352088e-168","","",""
"","","Primary","47618","15344","23.32","26.72","","","",""
"","","Secondary","87730","21444","42.97","37.34","","*","",""
"","","Higher","24292","6325","11.9","11.01","","","",""
"HepB-D2","Mother's Marital Status","Not married","7181","2497","3.52","4.35","1.78972416932936e-172","","",""
"","","Married/Living together","190672","51836","93.39","90.26","","","",""
"","","Widowed/Divorced/Not living together","6317","3099","3.09","5.4","","","",""
"HepB-D2","Husband's Education","None","25317","8812","22.52","23.44","1.39080959599579e-12","","",""
"","","Primary","30400","9841","27.04","26.17","","","",""
"","","Secondary","42420","13732","37.73","36.52","","","",""
"","","Higher","14289","5213","12.71","13.87","","","",""
"HepB-D2","Husband's Occupation","No work","6062","2456","5.41","6.54","3.05560545236816e-95","","",""
"","","Prof/Manager/Clerical/Sales","24778","9632","22.1","25.64","","","",""
"","","Agricultural","35010","11633","31.22","30.97","","","",""
"","","Household/Services","18654","4935","16.64","13.14","","","",""
"","","Manual work","27624","8907","24.64","23.71","","","",""
"HepB-D3","Sex at birth","Male","95690","24803","51.24","51.13","0.672818640703364","","",""
"","","Female","91064","23707","48.76","48.87","","","",""
"HepB-D3","Health Card","No card","22","3406","0.01","7.02","0","*","",""
"","","Yes - Seen","186293","10083","99.75","20.79","","*","**","***"
"","","Yes - Not Seen","33","16731","0.02","34.49","","*","**","***"
"","","Lost","31","18163","0.02","37.44","","*","**","***"
"","","Other","375","126","0.2","0.26","","","",""
"HepB-D3","Urban/Rural","Urban","54110","16438","28.97","33.89","3.45356405943913e-98","","",""
"","","Rural","132644","32072","71.03","66.11","","","",""
"HepB-D3","Residence","City","33","26","8.99","19.7","0.0041812437173074","*","**",""
"","","Town","107","37","29.16","28.03","","","",""
"","","Countryside","227","69","61.85","52.27","","*","",""
"HepB-D3","Wealth Quintile","Poorest","43145","11738","23.1","24.2","3.96508564553137e-22","","",""
"","","Poor","40775","10017","21.83","20.65","","","",""
"","","Middle","38156","9492","20.43","19.57","","","",""
"","","Rich","34897","8866","18.69","18.28","","","",""
"","","Richest","29781","8397","15.95","17.31","","","",""
"HepB-D3","Mother's Education","None","39988","11648","21.41","24.01","1.09586011584382e-114","","",""
"","","Primary","43322","12749","23.2","26.28","","","",""
"","","Secondary","80873","18453","43.3","38.04","","*","",""
"","","Higher","22570","5660","12.09","11.67","","","",""
"HepB-D3","Mother's Marital Status","Not married","6466","1926","3.46","3.97","6.6758239998713e-125","","",""
"","","Married/Living together","174489","44021","93.43","90.75","","","",""
"","","Widowed/Divorced/Not living together","5799","2563","3.11","5.28","","","",""
"HepB-D3","Husband's Education","None","22663","7121","22.1","22.7","3.62831687155018e-13","","",""
"","","Primary","27735","8150","27.04","25.98","","","",""
"","","Secondary","38894","11571","37.93","36.89","","","",""
"","","Higher","13261","4523","12.93","14.42","","","",""
"HepB-D3","Husband's Occupation","No work","5475","2024","5.35","6.46","1.50560750816262e-79","","",""
"","","Prof/Manager/Clerical/Sales","22680","8136","22.15","25.96","","","",""
"","","Agricultural","31773","9446","31.03","30.14","","","",""
"","","Household/Services","17177","4242","16.78","13.54","","","",""
"","","Manual work","25275","7491","24.69","23.9","","","",""
"Hib-D1","Sex at birth","Male","62256","23876","50.8","50.85","0.857481973310248","","",""
"","","Female","60291","23076","49.2","49.15","","","",""
"Hib-D1","Health Card","No card","24","4392","0.02","9.35","0","*","",""
"","","Yes - Seen","122017","4234","99.57","9.02","","*","**","***"
"","","Yes - Not Seen","49","14534","0.04","30.96","","*","**","***"
"","","Lost","30","23571","0.02","50.2","","*","**","***"
"","","Other","427","220","0.35","0.47","","","",""
"Hib-D1","Urban/Rural","Urban","43212","18599","35.26","39.61","3.03479678852807e-62","","",""
"","","Rural","79335","28353","64.74","60.39","","","",""
"Hib-D1","Residence","City","39","56","9.42","17.72","0.00400366319425548","*","",""
"","","Town","126","91","30.43","28.8","","","",""
"","","Countryside","249","169","60.14","53.48","","*","",""
"Hib-D1","Wealth Quintile","Poorest","28211","11014","23.02","23.46","1.71559725679963e-21","","",""
"","","Poor","26326","9408","21.48","20.04","","","",""
"","","Middle","25265","9337","20.62","19.89","","","",""
"","","Rich","22982","8829","18.75","18.8","","","",""
"","","Richest","19763","8364","16.13","17.81","","","",""
"Hib-D1","Mother's Education","None","31439","12544","25.65","26.72","1.44325211748272e-25","","",""
"","","Primary","39595","14258","32.31","30.37","","","",""
"","","Secondary","41275","15635","33.68","33.3","","","",""
"","","Higher","10237","4515","8.35","9.62","","","",""
"Hib-D1","Mother's Marital Status","Not married","7699","3091","6.28","6.58","4.3004002528508e-71","","",""
"","","Married/Living together","109062","40633","89","86.54","","","",""
"","","Widowed/Divorced/Not living together","5786","3228","4.72","6.88","","","",""
"Hib-D1","Husband's Education","None","25793","9782","24.66","25.29","2.15134551457107e-43","","",""
"","","Primary","30287","9958","28.96","25.75","","","",""
"","","Secondary","36218","13630","34.63","35.24","","","",""
"","","Higher","12278","5306","11.74","13.72","","","",""
"Hib-D1","Husband's Occupation","No work","6572","2866","6.25","7.36","5.57164146952125e-82","","",""
"","","Prof/Manager/Clerical/Sales","24963","10656","23.72","27.36","","","",""
"","","Agricultural","34899","12529","33.17","32.17","","","",""
"","","Household/Services","10596","3984","10.07","10.23","","","",""
"","","Manual work","28191","8909","26.79","22.88","","","",""
"Hib-D2","Sex at birth","Male","57592","20434","50.81","50.91","0.738036929920199","","",""
"","","Female","55763","19707","49.19","49.09","","","",""
"Hib-D2","Health Card","No card","24","3313","0.02","8.25","0","*","",""
"","","Yes - Seen","112863","4196","99.57","10.45","","*","**","***"
"","","Yes - Not Seen","42","12529","0.04","31.21","","*","**","***"
"","","Lost","29","19901","0.03","49.58","","*","**","***"
"","","Other","397","201","0.35","0.5","","","",""
"Hib-D2","Urban/Rural","Urban","40049","15765","35.33","39.27","3.37444925841139e-45","","",""
"","","Rural","73306","24376","64.67","60.73","","","",""
"Hib-D2","Residence","City","37","32","9.46","17.2","0.0112974523711623","*","",""
"","","Town","118","61","30.18","32.8","","","",""
"","","Countryside","236","93","60.36","50","","*","**",""
"Hib-D2","Wealth Quintile","Poorest","25803","9313","22.76","23.2","5.86130793436146e-22","","",""
"","","Poor","24166","7932","21.32","19.76","","","",""
"","","Middle","23322","7951","20.57","19.81","","","",""
"","","Rich","21484","7622","18.95","18.99","","","",""
"","","Richest","18580","7323","16.39","18.24","","","",""
"Hib-D2","Mother's Education","None","28467","10312","25.11","25.69","2.81976187538698e-20","","",""
"","","Primary","36584","12452","32.27","31.02","","","",""
"","","Secondary","38602","13357","34.05","33.28","","","",""
"","","Higher","9701","4020","8.56","10.01","","","",""
"Hib-D2","Mother's Marital Status","Not married","7058","2475","6.23","6.17","1.50568511110619e-61","","",""
"","","Married/Living together","100856","34860","88.97","86.84","","","",""
"","","Widowed/Divorced/Not living together","5441","2806","4.8","6.99","","","",""
"Hib-D2","Husband's Education","None","23459","8117","24.23","24.45","9.01155005359856e-34","","",""
"","","Primary","28181","8735","29.11","26.31","","","",""
"","","Secondary","33591","11680","34.7","35.18","","","",""
"","","Higher","11585","4667","11.97","14.06","","","",""
"Hib-D2","Husband's Occupation","No work","6075","2457","6.24","7.34","4.59865499076913e-70","","",""
"","","Prof/Manager/Clerical/Sales","23150","9145","23.77","27.33","","","",""
"","","Agricultural","32144","10665","33","31.87","","","",""
"","","Household/Services","9823","3479","10.08","10.4","","","",""
"","","Manual work","26217","7717","26.91","23.06","","","",""
"Hib-D3","Sex at birth","Male","52431","16874","50.83","50.85","0.952398647631698","","",""
"","","Female","50727","16312","49.17","49.15","","","",""
"Hib-D3","Health Card","No card","22","2215","0.02","6.67","0","*","",""
"","","Yes - Seen","102697","4439","99.55","13.38","","*","**","***"
"","","Yes - Not Seen","33","10351","0.03","31.19","","*","**","***"
"","","Lost","31","16054","0.03","48.38","","*","**","***"
"","","Other","375","126","0.36","0.38","","","",""
"Hib-D3","Urban/Rural","Urban","36460","13234","35.34","39.88","2.35278494283475e-50","","",""
"","","Rural","66698","19952","64.66","60.12","","","",""
"Hib-D3","Residence","City","32","25","8.77","17.99","0.00898826377067151","*","",""
"","","Town","109","43","29.86","30.94","","","",""
"","","Countryside","224","71","61.37","51.08","","*","**",""
"Hib-D3","Wealth Quintile","Poorest","23175","7415","22.47","22.34","5.15325658014267e-30","","",""
"","","Poor","21838","6431","21.17","19.38","","","",""
"","","Middle","21267","6555","20.62","19.75","","","",""
"","","Rich","19639","6391","19.04","19.26","","","",""
"","","Richest","17239","6394","16.71","19.27","","","",""
"Hib-D3","Mother's Education","None","25323","8163","24.55","24.6","2.3149761704973e-26","","",""
"","","Primary","33269","10295","32.25","31.02","","","",""
"","","Secondary","35498","11155","34.41","33.61","","","",""
"","","Higher","9067","3573","8.79","10.77","","","",""
"Hib-D3","Mother's Marital Status","Not married","6350","1910","6.16","5.76","2.15307030010428e-51","","",""
"","","Married/Living together","91829","28959","89.02","87.26","","","",""
"","","Widowed/Divorced/Not living together","4979","2317","4.83","6.98","","","",""
"Hib-D3","Husband's Education","None","20966","6542","23.75","23.65","1.36105458222287e-35","","",""
"","","Primary","25766","7265","29.19","26.27","","","",""
"","","Secondary","30770","9799","34.86","35.43","","","",""
"","","Higher","10763","4054","12.19","14.66","","","",""
"Hib-D3","Husband's Occupation","No work","5484","2028","6.18","7.28","1.18904674971458e-63","","",""
"","","Prof/Manager/Clerical/Sales","21167","7721","23.84","27.7","","","",""
"","","Agricultural","29155","8646","32.84","31.02","","","",""
"","","Household/Services","8971","2947","10.1","10.57","","","",""
"","","Manual work","24014","6530","27.05","23.43","","","",""
"PCV-D1","Sex at birth","Male","55665","20297","50.9","50.64","0.384133390293834","","",""
"","","Female","53703","19783","49.1","49.36","","","",""
"PCV-D1","Health Card","No card","22","3065","0.02","7.65","0","*","",""
"","","Yes - Seen","108893","5120","99.57","12.77","","*","**","***"
"","","Yes - Not Seen","37","11153","0.03","27.83","","*","**","***"
"","","Lost","30","20514","0.03","51.18","","*","**","***"
"","","Other","386","227","0.35","0.57","","","",""
"PCV-D1","Urban/Rural","Urban","36192","15626","33.09","38.99","8.17095391529486e-100","*","",""
"","","Rural","73176","24454","66.91","61.01","","*","",""
"PCV-D1","Residence","City","38","54","9","17.7","0.00180247919295486","*","",""
"","","Town","124","88","29.38","28.85","","","",""
"","","Countryside","260","163","61.61","53.44","","*","",""
"PCV-D1","Wealth Quintile","Poorest","25266","8942","23.1","22.31","3.82027662732041e-23","","",""
"","","Poor","23384","7985","21.38","19.92","","","",""
"","","Middle","22295","8124","20.39","20.27","","","",""
"","","Rich","20547","7664","18.79","19.12","","","",""
"","","Richest","17876","7365","16.34","18.38","","","",""
"PCV-D1","Mother's Education","None","29888","11429","27.33","28.52","1.73499738216716e-43","","",""
"","","Primary","39676","13171","36.28","32.86","","","",""
"","","Secondary","32724","12327","29.92","30.76","","","",""
"","","Higher","7079","3153","6.47","7.87","","","",""
"PCV-D1","Mother's Marital Status","Not married","7297","3013","6.67","7.52","1.76004765694462e-76","","",""
"","","Married/Living together","96197","33949","87.96","84.7","","","",""
"","","Widowed/Divorced/Not living together","5874","3118","5.37","7.78","","","",""
"PCV-D1","Husband's Education","None","24347","8860","26.16","27.4","8.05627279816472e-91","","",""
"","","Primary","30668","8914","32.95","27.57","","*","",""
"","","Secondary","28712","10417","30.85","32.22","","","",""
"","","Higher","9345","4144","10.04","12.82","","","",""
"PCV-D1","Husband's Occupation","No work","4820","2303","5.19","7.13","4.95333884666885e-121","","",""
"","","Prof/Manager/Clerical/Sales","20345","8593","21.92","26.59","","","",""
"","","Agricultural","33789","10260","36.41","31.74","","","",""
"","","Household/Services","8182","2866","8.82","8.87","","","",""
"","","Manual work","25666","8300","27.66","25.68","","","",""
"PCV-D2","Sex at birth","Male","50576","17185","50.9","50.79","0.72973877966627","","",""
"","","Female","48782","16649","49.1","49.21","","","",""
"PCV-D2","Health Card","No card","22","2296","0.02","6.79","0","*","",""
"","","Yes - Seen","98907","4782","99.55","14.13","","*","**","***"
"","","Yes - Not Seen","36","9209","0.04","27.22","","*","**","***"
"","","Lost","29","17345","0.03","51.27","","*","**","***"
"","","Other","364","201","0.37","0.59","","","",""
"PCV-D2","Urban/Rural","Urban","32878","12892","33.09","38.1","4.51651087445335e-63","*","",""
"","","Rural","66480","20942","66.91","61.9","","*","",""
"PCV-D2","Residence","City","34","27","8.95","16.07","0.0120999382358004","*","",""
"","","Town","107","55","28.16","32.74","","","",""
"","","Countryside","239","86","62.89","51.19","","*","**",""
"PCV-D2","Wealth Quintile","Poorest","22645","7514","22.79","22.21","1.18889797675418e-21","","",""
"","","Poor","21070","6648","21.21","19.65","","","",""
"","","Middle","20214","6823","20.34","20.17","","","",""
"","","Rich","18867","6467","18.99","19.11","","","",""
"","","Richest","16562","6382","16.67","18.86","","","",""
"PCV-D2","Mother's Education","None","26878","9598","27.05","28.37","4.3570047126437e-28","","",""
"","","Primary","35762","11301","35.99","33.4","","","",""
"","","Secondary","30059","10207","30.25","30.17","","","",""
"","","Higher","6658","2728","6.7","8.06","","","",""
"PCV-D2","Mother's Marital Status","Not married","6560","2357","6.6","6.97","7.77073009177944e-56","","",""
"","","Married/Living together","87430","28862","87.99","85.3","","","",""
"","","Widowed/Divorced/Not living together","5368","2615","5.4","7.73","","","",""
"PCV-D2","Husband's Education","None","21953","7508","25.97","27.34","1.84633352808646e-60","","",""
"","","Primary","27612","7719","32.67","28.1","","","",""
"","","Secondary","26209","8684","31.01","31.62","","","",""
"","","Higher","8753","3555","10.36","12.94","","","",""
"PCV-D2","Husband's Occupation","No work","4447","1986","5.28","7.2","4.80016257752273e-96","","",""
"","","Prof/Manager/Clerical/Sales","18559","7281","22.03","26.38","","","",""
"","","Agricultural","30373","8735","36.06","31.65","","","",""
"","","Household/Services","7456","2487","8.85","9.01","","","",""
"","","Manual work","23394","7110","27.77","25.76","","","",""
"PCV-D3","Sex at birth","Male","45462","14303","50.97","50.86","0.744968863650087","","",""
"","","Female","43734","13822","49.03","49.14","","","",""
"PCV-D3","Health Card","No card","20","1616","0.02","5.75","0","*","",""
"","","Yes - Seen","88769","5234","99.52","18.61","","*","**","***"
"","","Yes - Not Seen","29","7041","0.03","25.03","","*","**","***"
"","","Lost","31","14109","0.03","50.17","","*","**","***"
"","","Other","347","125","0.39","0.44","","","",""
"PCV-D3","Urban/Rural","Urban","29391","10663","32.95","37.91","8.35878613533469e-53","","",""
"","","Rural","59805","17462","67.05","62.09","","","",""
"PCV-D3","Residence","City","26","18","9.35","16.51","0.101243116161395","*","",""
"","","Town","72","30","25.9","27.52","","","",""
"","","Countryside","180","61","64.75","55.96","","*","",""
"PCV-D3","Wealth Quintile","Poorest","19688","6007","22.07","21.36","4.16955534374079e-19","","",""
"","","Poor","18653","5445","20.91","19.36","","","",""
"","","Middle","18153","5686","20.35","20.22","","","",""
"","","Rich","17247","5474","19.34","19.46","","","",""
"","","Richest","15455","5513","17.33","19.6","","","",""
"PCV-D3","Mother's Education","None","23483","7751","27.14","28.03","6.74096433187995e-20","","",""
"","","Primary","30582","9171","35.35","33.16","","","",""
"","","Secondary","26437","8420","30.56","30.45","","","",""
"","","Higher","6009","2312","6.95","8.36","","","",""
"PCV-D3","Mother's Marital Status","Not married","5634","1840","6.32","6.54","2.24847281399231e-43","","",""
"","","Married/Living together","78907","24198","88.46","86.04","","","",""
"","","Widowed/Divorced/Not living together","4655","2087","5.22","7.42","","","",""
"PCV-D3","Husband's Education","None","19304","6172","26.28","27.33","4.60798634164839e-44","","",""
"","","Primary","23420","6281","31.88","27.82","","","",""
"","","Secondary","22802","7097","31.04","31.43","","","",""
"","","Higher","7931","3030","10.8","13.42","","","",""
"PCV-D3","Husband's Occupation","No work","4045","1680","5.33","7.25","1.71902888993523e-75","","",""
"","","Prof/Manager/Clerical/Sales","17267","6241","22.76","26.91","","","",""
"","","Agricultural","26450","7121","34.86","30.71","","","",""
"","","Household/Services","6878","2091","9.07","9.02","","","",""
"","","Manual work","21228","6055","27.98","26.11","","","",""
"RV-D1","Sex at birth","Male","73653","20311","51.15","50.89","0.356567665718071","","",""
"","","Female","70329","19599","48.85","49.11","","","",""
"RV-D1","Health Card","No card","9","2358","0.01","5.91","0","*","",""
"","","Yes - Seen","143539","8490","99.69","21.27","","*","**","***"
"","","Yes - Not Seen","34","12683","0.02","31.78","","*","**","***"
"","","Lost","21","16160","0.01","40.49","","*","**","***"
"","","Other","379","218","0.26","0.55","","","",""
"RV-D1","Urban/Rural","Urban","43361","14111","30.12","35.36","7.73384144536515e-89","*","",""
"","","Rural","100621","25799","69.88","64.64","","*","",""
"RV-D1","Residence","City","655","60","16.04","18.52","0.47956746724757","","",""
"","","Town","1160","92","28.4","28.4","","","",""
"","","Countryside","2269","172","55.56","53.09","","","",""
"RV-D1","Wealth Quintile","Poorest","36331","9758","25.23","24.45","3.58903429696815e-13","","",""
"","","Poor","31939","8360","22.18","20.95","","","",""
"","","Middle","28463","8020","19.77","20.1","","","",""
"","","Rich","25221","7187","17.52","18.01","","","",""
"","","Richest","22028","6585","15.3","16.5","","","",""
"RV-D1","Mother's Education","None","32065","10371","22.27","25.99","1.43741033721751e-76","","",""
"","","Primary","42521","12226","29.53","30.63","","","",""
"","","Secondary","54526","13672","37.87","34.26","","","",""
"","","Higher","14869","3641","10.33","9.12","","","",""
"RV-D1","Mother's Marital Status","Not married","7168","2651","4.98","6.64","9.42643556453853e-177","","",""
"","","Married/Living together","130148","34171","90.39","85.62","","","",""
"","","Widowed/Divorced/Not living together","6666","3088","4.63","7.74","","","",""
"RV-D1","Husband's Education","None","21028","7016","23.22","27.61","4.87933505352122e-61","","",""
"","","Primary","29803","7516","32.91","29.58","","","",""
"","","Secondary","31309","8221","34.57","32.35","","","",""
"","","Higher","8428","2658","9.31","10.46","","","",""
"RV-D1","Husband's Occupation","No work","4445","1986","5.16","7.78","1.39678777710312e-117","","",""
"","","Prof/Manager/Clerical/Sales","17114","6107","19.85","23.93","","","",""
"","","Agricultural","31040","8077","36.01","31.65","","","",""
"","","Household/Services","11920","3073","13.83","12.04","","","",""
"","","Manual work","21681","6277","25.15","24.6","","","",""
"RV-D2","Sex at birth","Male","65719","16979","51.13","50.89","0.427154219511635","","",""
"","","Female","62803","16386","48.87","49.11","","","",""
"RV-D2","Health Card","No card","10","1725","0.01","5.17","0","*","",""
"","","Yes - Seen","128109","8194","99.68","24.56","","*","**","***"
"","","Yes - Not Seen","31","9879","0.02","29.61","","*","**","***"
"","","Lost","19","13376","0.01","40.09","","*","**","***"
"","","Other","353","190","0.27","0.57","","","",""
"RV-D2","Urban/Rural","Urban","38269","11456","29.78","34.34","3.63367975183391e-58","","",""
"","","Rural","90253","21909","70.22","65.66","","","",""
"RV-D2","Residence","City","536","37","15.84","18.78","0.16089135993717","","",""
"","","Town","964","64","28.5","32.49","","","",""
"","","Countryside","1883","96","55.66","48.73","","*","",""
"RV-D2","Wealth Quintile","Poorest","31917","8086","24.83","24.23","3.73746239379142e-10","","",""
"","","Poor","28287","6916","22.01","20.73","","","",""
"","","Middle","25488","6711","19.83","20.11","","","",""
"","","Rich","22761","6059","17.71","18.16","","","",""
"","","Richest","20069","5593","15.62","16.76","","","",""
"RV-D2","Mother's Education","None","28789","8755","22.4","26.24","1.14715709069316e-74","","",""
"","","Primary","37771","10295","29.39","30.86","","","",""
"","","Secondary","48720","11252","37.91","33.72","","","",""
"","","Higher","13241","3063","10.3","9.18","","","",""
"RV-D2","Mother's Marital Status","Not married","6384","2031","4.97","6.09","4.29507160625849e-119","","",""
"","","Married/Living together","116352","28868","90.53","86.52","","","",""
"","","Widowed/Divorced/Not living together","5786","2466","4.5","7.39","","","",""
"RV-D2","Husband's Education","None","18963","5920","23.49","27.98","4.26199671792891e-50","","",""
"","","Primary","26385","6277","32.69","29.66","","","",""
"","","Secondary","27791","6768","34.43","31.98","","","",""
"","","Higher","7581","2196","9.39","10.38","","","",""
"RV-D2","Husband's Occupation","No work","4052","1694","5.25","7.97","1.20257041633969e-97","","",""
"","","Prof/Manager/Clerical/Sales","15311","5064","19.86","23.84","","","",""
"","","Agricultural","27898","6772","36.18","31.88","","","",""
"","","Household/Services","10688","2641","13.86","12.43","","","",""
"","","Manual work","19161","5072","24.85","23.88","","","",""
"RV-D3","Sex at birth","Male","24609","5279","51.65","51.05","0.274183719334776","","",""
"","","Female","23034","5061","48.35","48.95","","","",""
"RV-D3","Health Card","No card","0","375","0","3.63","0","","",""
"","","Yes - Seen","47643","4552","100","44.02","","*","**","***"
"","","Yes - Not Seen","0","3397","0","32.85","","*","**","***"
"","","Lost","0","2016","0","19.5","","*","**",""
"RV-D3","Urban/Rural","Urban","12313","3111","25.84","30.09","9.73484255986564e-19","","",""
"","","Rural","35330","7229","74.16","69.91","","","",""
"RV-D3","Wealth Quintile","Poorest","11756","2503","24.68","24.21","0.214827001191971","","",""
"","","Poor","10422","2304","21.88","22.28","","","",""
"","","Middle","9209","2055","19.33","19.87","","","",""
"","","Rich","8349","1838","17.52","17.78","","","",""
"","","Richest","7907","1640","16.6","15.86","","","",""
"RV-D3","Mother's Education","None","11009","2860","23.11","27.66","8.39453931784527e-31","","",""
"","","Primary","5936","1435","12.46","13.88","","","",""
"","","Secondary","22916","4403","48.1","42.58","","*","",""
"","","Higher","7782","1642","16.33","15.88","","","",""
"RV-D3","Mother's Marital Status","Not married","546","199","1.15","1.92","2.16428531635937e-27","","",""
"","","Married/Living together","46610","9925","97.83","95.99","","","",""
"","","Widowed/Divorced/Not living together","487","216","1.02","2.09","","","",""
"RV-D3","Husband's Education","None","5132","1436","32.05","34.08","0.000157346447216601","","",""
"","","Primary","1994","548","12.45","13.01","","","",""
"","","Secondary","6703","1604","41.86","38.07","","","",""
"","","Higher","2184","625","13.64","14.84","","","",""
"RV-D3","Husband's Occupation","No work","947","300","5.87","7.08","3.43572679825468e-15","","",""
"","","Prof/Manager/Clerical/Sales","3303","1074","20.48","25.34","","","",""
"","","Agricultural","4352","1084","26.98","25.58","","","",""
"","","Household/Services","5115","1136","31.71","26.81","","","",""
"","","Manual work","2412","644","14.95","15.2","","","",""
